;Табельный номер;Количество ошибок
0;600172;4
1;600547;3
2;601287;2
3;601340;2
4;601484;2
5;601566;2
6;601589;2
7;601647;2
8;601823;2
9;601900;4
10;601985;3
11;602081;2
12;602147;2
13;602234;2
14;602248;2
15;602290;2
16;602385;2
17;602396;7
18;602405;8
19;602408;2
20;602410;2
21;602411;2
22;602415;4
23;602421;3
24;602422;2
25;602424;3
26;602426;4
27;602450;2
28;602452;2
29;602459;2
30;602473;2
31;602474;2
32;602482;3
33;602497;3
34;602501;3
35;602505;4
36;602508;2
37;602512;2
38;602517;2
39;602565;2
40;602566;6
41;602579;2
42;602610;3
43;602612;2
44;602621;2
45;602627;5
46;602632;2
47;602634;3
48;602638;3
49;602641;2
50;602644;2
51;602651;5
52;602656;2
53;602664;2
54;602667;3
55;602669;2
56;602673;2
57;602695;6
58;602698;3
59;602700;4
60;602701;2
61;602702;3
62;602704;2
63;602706;2
64;602714;3
65;602715;2
66;602717;2
67;602718;2
68;602720;4
69;602725;3
70;602730;3
71;602733;2
72;602743;2
73;602748;3
74;602753;2
75;602760;4
76;602764;2
77;602776;2
78;602777;2
79;602778;5
80;602785;2
81;602790;2
82;602791;2
83;602802;3
84;602803;2
85;602804;3
86;602808;3
87;602810;4
88;602814;2
89;602823;2
90;602825;3
91;602826;3
92;602829;3
93;602830;5
94;602832;3
95;602841;3
96;602842;4
97;602843;2
98;602849;2
99;602850;3
100;602851;2
101;602856;2
102;602857;2
103;602858;2
104;602859;2
105;602865;3
106;602868;3
107;602869;2
108;602873;2
109;602885;2
110;602886;2
111;602891;2
112;602896;2
113;602902;2
114;602903;4
115;602904;2
116;602907;3
117;602911;5
118;602912;2
119;602920;2
120;602925;3
121;602929;3
122;602932;2
123;602933;2
124;602937;2
125;602941;2
126;602944;2
127;602949;2
128;602953;2
129;602954;2
130;602957;3
131;602966;2
132;602969;3
133;602971;3
134;602974;2
135;602976;3
136;602978;4
137;602983;3
138;602985;3
139;602987;3
140;602988;2
141;602992;3
142;602999;5
143;603006;2
144;603008;2
145;603009;2
146;603010;2
147;603024;3
148;603027;2
149;603028;2
150;603031;2
151;603041;4
152;603043;2
153;603047;3
154;603048;4
155;603049;2
156;603051;3
157;603053;3
158;603062;2
159;603064;2
160;603069;3
161;603070;2
162;603071;2
163;603072;3
164;603075;3
165;603077;3
166;603079;2
167;603080;2
168;603081;2
169;603082;2
170;603086;2
171;603088;2
172;603094;2
173;603095;2
174;603096;2
175;603099;2
176;603100;2
177;603103;3
178;603110;3
179;603114;2
180;603115;2
181;603118;2
182;603119;3
183;603124;2
184;603125;2
185;603127;2
186;603128;2
187;603133;2
188;603135;2
189;603136;3
190;603140;2
191;603142;2
192;603143;2
193;603144;2
194;603145;3
195;603146;2
196;603150;2
197;603151;2
198;603152;3
199;603156;2
200;603157;2
201;603158;2
202;603159;2
203;603161;3
204;603162;2
205;603163;2
206;603165;3
207;603166;2
208;603170;2
209;603171;4
210;603176;2
211;603180;2
212;603183;3
213;603187;2
214;603194;2
215;603196;2
216;603197;2
217;603198;2
218;603204;2
219;603207;3
220;603210;2
221;603211;3
222;603212;2
223;603215;3
224;603220;2
225;603221;3
226;603222;3
227;603226;3
228;603228;2
229;603230;6
230;603231;2
231;603232;2
232;603233;3
233;603234;3
234;603237;2
235;603242;2
236;603243;2
237;603246;3
238;603247;3
239;603253;2
240;603254;2
241;603258;2
242;603259;2
243;603265;4
244;603266;3
245;603277;2
246;603284;2
247;603288;3
248;603291;3
249;603293;4
250;603294;4
251;603295;2
252;603296;2
253;603302;3
254;603303;2
255;603305;3
256;603308;2
257;603312;2
258;603313;3
259;603314;5
260;603315;4
261;603317;2
262;603318;3
263;603319;2
264;603321;2
265;603322;3
266;603326;4
267;603331;2
268;603342;2
269;603344;4
270;603345;2
271;603348;2
272;603350;2
273;603351;2
274;603353;3
275;603358;2
276;603360;2
277;603362;3
278;603365;2
279;603367;5
280;603368;2
281;603370;4
282;603376;2
283;603380;2
284;603383;2
285;603388;2
286;603389;2
287;603390;2
288;603391;2
289;603392;4
290;603396;2
291;603399;3
292;603401;2
293;603402;2
294;603404;7
295;603407;4
296;603408;2
297;603411;2
298;603414;2
299;603415;2
300;603416;2
301;603418;2
302;603419;2
303;603421;3
304;603426;3
305;603429;2
306;603430;2
307;603432;2
308;603434;4
309;603435;3
310;603436;3
311;603438;3
312;603439;2
313;603443;6
314;603450;4
315;603457;4
316;603458;3
317;603461;2
318;603470;3
319;603471;3
320;603473;5
321;603474;3
322;603475;3
323;603476;2
324;603477;3
325;603478;5
326;603480;3
327;603481;2
328;603482;3
329;603485;2
330;603486;2
331;603488;3
332;603490;4
333;603491;3
334;603492;2
335;603494;4
336;603495;4
337;603508;3
338;603546;2
339;603551;2
340;603556;2
341;603561;3
342;603598;4
343;603599;2
344;603604;2
345;603606;2
346;603607;2
347;603608;4
348;603610;3
349;603621;2
350;603628;2
351;603629;2
352;603632;5
353;603634;2
354;603637;2
355;603641;2
356;603652;3
357;603653;3
358;603654;4
359;603655;3
360;603665;2
361;603666;2
362;603677;2
363;603678;2
364;603689;3
365;603699;2
366;603704;2
367;603714;2
368;603728;2
369;603730;3
370;603731;4
371;603734;3
372;603736;2
373;603746;5
374;603749;3
375;603753;2
376;603754;2
377;603755;3
378;603760;3
379;603763;3
380;603764;4
381;603767;2
382;603769;2
383;603770;2
384;603771;2
385;603772;2
386;603774;5
387;603775;4
388;603776;2
389;603777;3
390;603778;2
391;603779;4
392;603780;4
393;603784;2
394;603786;3
395;603788;3
396;603789;3
397;603790;2
398;603791;3
399;603792;2
400;603793;3
401;603794;3
402;603795;3
403;603796;6
404;603802;3
405;603803;2
406;603804;2
407;603805;2
408;603807;2
409;603808;3
410;603809;3
411;603811;2
412;603812;2
413;603813;2
414;603816;3
415;603817;3
416;603818;2
417;603819;3
418;603824;2
419;603826;3
420;603827;3
421;603829;3
422;603830;7
423;603833;2
424;603836;3
425;603838;2
426;603839;2
427;603842;2
428;603844;2
429;603845;2
430;603846;4
431;603849;9
432;603850;3
433;603851;2
434;603860;2
435;603863;3
436;603864;2
437;603871;2
438;603877;3
439;603884;2
440;603886;2
441;603889;3
442;603890;5
443;603893;3
444;603894;3
445;603896;2
446;603898;2
447;603903;2
448;603904;4
449;603905;2
450;603907;3
451;603912;2
452;603916;2
453;603917;3
454;603921;2
455;603923;2
456;603924;2
457;603925;2
458;603926;2
459;603931;2
460;603932;6
461;603934;2
462;603937;2
463;603945;3
464;603946;3
465;603948;2
466;603950;2
467;603951;3
468;603959;5
469;603960;4
470;603963;2
471;603964;3
472;603965;4
473;603966;2
474;603967;4
475;603969;3
476;603976;3
477;603977;3
478;603978;5
479;603979;2
480;603980;3
481;603981;3
482;603983;2
483;603990;2
484;603994;2
485;603999;2
486;604000;3
487;604001;5
488;604002;2
489;604006;3
490;604008;2
491;604013;2
492;604014;7
493;604018;3
494;604019;5
495;604020;2
496;604021;4
497;604022;3
498;604026;3
499;604027;4
500;604029;5
501;604033;2
502;604034;2
503;604037;4
504;604039;2
505;604040;7
506;604042;4
507;604045;2
508;604046;4
509;604048;6
510;604049;3
511;604051;2
512;604052;5
513;604053;3
514;604054;2
515;604055;2
516;604056;3
517;604057;3
518;604059;2
519;604065;2
520;604068;2
521;604070;2
522;604071;2
523;604075;3
524;604081;3
525;604083;4
526;604090;4
527;604092;2
528;604093;4
529;604094;2
530;604095;2
531;604110;3
532;604120;3
533;604130;2
534;604131;5
535;604132;2
536;604134;2
537;604135;5
538;604140;3
539;604141;3
540;604142;4
541;604143;5
542;604144;2
543;604146;3
544;604149;3
545;604152;2
546;604156;2
547;604159;2
548;604166;2
549;604175;2
550;604186;2
551;604191;3
552;604192;3
553;604200;2
554;604203;2
555;604206;3
556;604227;2
557;604231;2
558;604234;3
559;604236;2
560;604237;2
561;604239;2
562;604240;2
563;604241;3
564;604242;2
565;604243;2
566;604248;2
567;604251;2
568;604257;2
569;604259;2
570;604260;2
571;604261;2
572;604263;2
573;604264;4
574;604270;4
575;604272;2
576;604275;2
577;604276;4
578;604279;2
579;604280;3
580;604282;2
581;604283;4
582;604285;2
583;604287;2
584;604291;2
585;604298;2
586;604301;2
587;604302;2
588;604303;4
589;604305;3
590;604307;2
591;604308;4
592;604309;2
593;604311;7
594;604312;7
595;604313;2
596;604315;4
597;604316;4
598;604317;4
599;604318;4
600;604319;5
601;604320;3
602;604323;2
603;604324;3
604;604325;4
605;604326;3
606;604327;4
607;604333;2
608;604334;3
609;604337;3
610;604339;3
611;604340;2
612;604341;2
613;604343;5
614;604344;2
615;604346;4
616;604350;5
617;604351;4
618;604352;3
619;604353;5
620;604355;3
621;604356;3
622;604357;3
623;604358;2
624;604359;3
625;604360;5
626;604361;2
627;604364;3
628;604369;4
629;604370;2
630;604373;2
631;604374;3
632;604375;5
633;604376;4
634;604377;4
635;604379;2
636;604380;3
637;604381;3
638;604382;4
639;604385;4
640;604387;3
641;604388;3
642;604390;5
643;604393;4
644;604394;4
645;604395;2
646;604397;4
647;604398;2
648;604400;4
649;604402;2
650;604404;2
651;604405;3
652;604406;2
653;604408;3
654;604409;4
655;604410;3
656;604411;3
657;604412;3
658;604413;4
659;604414;2
660;604416;2
661;604417;3
662;604418;2
663;604419;3
664;604421;3
665;604423;2
666;604425;2
667;604426;2
668;604427;3
669;604431;5
670;604433;2
671;604434;2
672;604437;6
673;604438;3
674;604440;2
675;604441;2
676;604442;2
677;604444;3
678;604445;3
679;604446;2
680;604449;3
681;604450;3
682;604456;4
683;604461;2
684;604466;3
685;604467;2
686;604469;3
687;604471;2
688;604472;2
689;604473;7
690;604474;4
691;604475;6
692;604479;2
693;604480;3
694;604481;4
695;604482;5
696;604486;6
697;604489;5
698;604490;5
699;604495;3
700;604496;2
701;604497;3
702;604498;4
703;604504;3
704;604505;5
705;604506;2
706;604507;3
707;604508;4
708;604510;4
709;604518;3
710;604523;4
711;604524;2
712;604525;3
713;604526;5
714;604528;2
715;604530;4
716;604531;2
717;604533;2
718;604535;3
719;604536;3
720;604537;2
721;604538;4
722;604541;3
723;604556;3
724;604557;5
725;604558;2
726;604559;2
727;604560;3
728;604561;5
729;604562;2
730;604565;5
731;604567;2
732;604568;2
733;604571;2
734;604573;2
735;604574;2
736;604576;2
737;604577;2
738;604581;2
739;604593;3
740;604609;2
741;604614;4
742;604618;2
743;604620;4
744;604628;5
745;604633;2
746;604638;4
747;604639;4
748;604640;3
749;604642;3
750;604645;3
751;604647;5
752;604649;3
753;604651;3
754;604652;3
755;604659;4
756;604663;2
757;604666;5
758;604670;2
759;604674;4
760;604675;3
761;604677;2
762;604681;2
763;604685;2
764;604688;2
765;604690;3
766;604691;2
767;604694;2
768;604695;3
769;604698;2
770;604712;2
771;604716;6
772;604720;2
773;604723;2
774;604724;4
775;604725;2
776;604726;4
777;604730;3
778;604732;7
779;604733;2
780;604736;2
781;604737;2
782;604739;2
783;604748;3
784;604749;2
785;604750;2
786;604756;2
787;604758;2
788;604769;2
789;604786;3
790;604787;2
791;604788;2
792;604794;3
793;604795;3
794;604796;2
795;604800;2
796;604801;2
797;604803;2
798;604805;2
799;604806;3
800;604807;2
801;604810;4
802;604811;2
803;604814;3
804;604816;4
805;604817;4
806;604818;4
807;604819;3
808;604820;4
809;604824;3
810;604825;2
811;604826;2
812;604832;2
813;604834;2
814;604836;2
815;604837;2
816;604838;2
817;604842;3
818;604843;2
819;604844;4
820;604849;2
821;604852;3
822;604856;2
823;604857;4
824;604859;3
825;604863;2
826;604873;3
827;604877;9
828;604881;3
829;604883;3
830;604886;4
831;604887;3
832;604888;4
833;604894;2
834;604895;3
835;604896;3
836;604897;2
837;604898;4
838;604899;2
839;604901;2
840;604903;3
841;604916;3
842;604917;2
843;604918;3
844;604921;3
845;604924;4
846;604925;4
847;604926;4
848;604927;3
849;604929;2
850;604933;3
851;604934;2
852;604935;3
853;604937;2
854;604944;2
855;604946;4
856;604949;2
857;604950;2
858;604951;2
859;604953;2
860;604956;4
861;604957;3
862;604958;2
863;604959;2
864;604960;2
865;604961;2
866;604962;3
867;604964;4
868;604966;2
869;604967;2
870;604970;2
871;604978;3
872;604981;2
873;604988;2
874;604989;3
875;604993;2
876;604994;2
877;605001;4
878;605002;3
879;605003;5
880;605004;2
881;605005;2
882;605008;2
883;605009;3
884;605010;2
885;605011;2
886;605014;4
887;605015;2
888;605017;2
889;605018;2
890;605020;2
891;605021;2
892;605022;2
893;605023;2
894;605026;2
895;605028;3
896;605029;4
897;605030;2
898;605031;2
899;605032;2
900;605036;4
901;605037;3
902;605039;3
903;605046;2
904;605051;2
905;605052;3
906;605053;2
907;605056;2
908;605058;2
909;605059;3
910;605060;2
911;605063;4
912;605064;3
913;605065;3
914;605066;3
915;605067;2
916;605069;3
917;605073;2
918;605074;2
919;605075;3
920;605076;4
921;605077;2
922;605079;3
923;605081;2
924;605082;2
925;605083;2
926;605084;3
927;605086;3
928;605088;6
929;605090;6
930;605091;2
931;605092;2
932;605095;3
933;605097;2
934;605100;3
935;605101;2
936;605104;2
937;605105;2
938;605106;3
939;605121;6
940;605131;3
941;605133;3
942;605135;4
943;605142;2
944;605144;3
945;605151;4
946;605152;3
947;605153;2
948;605157;2
949;605175;3
950;605191;3
951;605206;2
952;605209;2
953;605217;4
954;605220;4
955;605228;2
956;605237;8
957;605248;6
958;605249;4
959;605251;5
960;605255;2
961;605257;2
962;605301;4
963;605308;4
964;605328;2
965;605332;2
966;605345;2
967;605349;5
968;605359;2
969;605361;4
970;605398;2
971;605407;2
972;605408;2
973;605418;3
974;605420;2
975;605421;2
976;605428;4
977;605429;2
978;605430;2
979;605437;3
980;605441;3
981;605442;4
982;605444;4
983;605446;2
984;605448;2
985;605451;3
986;605455;2
987;605456;3
988;605458;2
989;605460;5
990;605461;2
991;605462;3
992;605464;5
993;605466;2
994;605471;2
995;605473;2
996;605476;2
997;605477;3
998;605478;3
999;605479;2
1000;605481;3
1001;605482;4
1002;605485;6
1003;605486;3
1004;605488;4
1005;605491;7
1006;605492;3
1007;605493;3
1008;605494;3
1009;605496;2
1010;605497;5
1011;605499;2
1012;605500;3
1013;605502;2
1014;605503;5
1015;605504;2
1016;605505;5
1017;605506;6
1018;605509;2
1019;605511;2
1020;605514;5
1021;605518;2
1022;605520;3
1023;605524;2
1024;605525;2
1025;605527;3
1026;605528;2
1027;605529;6
1028;605532;2
1029;605533;2
1030;605535;3
1031;605536;2
1032;605540;2
1033;605542;3
1034;605544;2
1035;605548;2
1036;605549;3
1037;605550;6
1038;605552;2
1039;605554;4
1040;605555;5
1041;605556;2
1042;605558;2
1043;605560;3
1044;605561;3
1045;605565;2
1046;605567;5
1047;605574;3
1048;605575;2
1049;605576;2
1050;605577;2
1051;605579;3
1052;605580;2
1053;605582;5
1054;605583;3
1055;605586;3
1056;605587;2
1057;605592;2
1058;605593;3
1059;605598;2
1060;605599;3
1061;605602;2
1062;605603;2
1063;605604;3
1064;605607;3
1065;605608;3
1066;605613;2
1067;605614;7
1068;605617;3
1069;605619;9
1070;605620;2
1071;605621;3
1072;605623;2
1073;605624;2
1074;605628;4
1075;605631;2
1076;605637;3
1077;605638;2
1078;605642;2
1079;605643;2
1080;605644;2
1081;605645;3
1082;605646;3
1083;605648;3
1084;605651;2
1085;605652;2
1086;605653;3
1087;605654;2
1088;605656;3
1089;605657;2
1090;605658;4
1091;605659;4
1092;605661;2
1093;605662;2
1094;605663;3
1095;605666;4
1096;605670;2
1097;605671;2
1098;605674;2
1099;605676;2
1100;605677;2
1101;605681;3
1102;605690;3
1103;605691;4
1104;605693;2
1105;605694;2
1106;605695;2
1107;605696;3
1108;605698;2
1109;605699;3
1110;605703;3
1111;605705;3
1112;605707;3
1113;605710;4
1114;605715;2
1115;605719;2
1116;605724;3
1117;605728;2
1118;605736;4
1119;605746;2
1120;605747;4
1121;605757;2
1122;605759;2
1123;605760;2
1124;605764;2
1125;605766;2
1126;605779;3
1127;605781;2
1128;605783;2
1129;605784;2
1130;605786;2
1131;605787;2
1132;605788;2
1133;605789;2
1134;605790;2
1135;605794;2
1136;605796;2
1137;605797;2
1138;605799;2
1139;605801;3
1140;605807;2
1141;605808;2
1142;605809;2
1143;605810;2
1144;605811;2
1145;605812;2
1146;605813;2
1147;605817;3
1148;605818;2
1149;605820;2
1150;605822;3
1151;605823;3
1152;605824;3
1153;605825;3
1154;605830;3
1155;605831;2
1156;605832;4
1157;605833;3
1158;605834;3
1159;605835;4
1160;605836;2
1161;605846;2
1162;605848;2
1163;605849;2
1164;605852;2
1165;605853;2
1166;605854;2
1167;605855;6
1168;605856;2
1169;605858;3
1170;605859;3
1171;605862;2
1172;605866;6
1173;605867;2
1174;605869;3
1175;605870;2
1176;605872;4
1177;605875;2
1178;605876;2
1179;605877;2
1180;605879;3
1181;605881;4
1182;605882;2
1183;605883;3
1184;605885;4
1185;605887;4
1186;605889;3
1187;605890;3
1188;605891;3
1189;605894;3
1190;605897;4
1191;605901;2
1192;605902;2
1193;605905;2
1194;605906;2
1195;605908;4
1196;605909;3
1197;605913;2
1198;605914;4
1199;605915;2
1200;605917;2
1201;605918;3
1202;605919;3
1203;605920;3
1204;605922;2
1205;605924;5
1206;605926;2
1207;605927;3
1208;605930;2
1209;605931;2
1210;605933;4
1211;605939;2
1212;605941;7
1213;605944;2
1214;605945;2
1215;605947;3
1216;605949;2
1217;605950;6
1218;605952;7
1219;605953;2
1220;605954;3
1221;605955;2
1222;605958;2
1223;605959;3
1224;605960;4
1225;605961;2
1226;605962;2
1227;605963;2
1228;605964;3
1229;605968;2
1230;605969;2
1231;605970;4
1232;605971;3
1233;605972;2
1234;605973;4
1235;605981;2
1236;605982;4
1237;605983;3
1238;605984;3
1239;605986;2
1240;605988;2
1241;605989;2
1242;605991;2
1243;605993;2
1244;605994;2
1245;605996;3
1246;606002;4
1247;606003;3
1248;606006;2
1249;606007;2
1250;606008;2
1251;606009;3
1252;606010;2
1253;606011;2
1254;606013;2
1255;606014;2
1256;606015;2
1257;606016;2
1258;606017;2
1259;606018;2
1260;606019;2
1261;606021;2
1262;606023;2
1263;606026;3
1264;606028;2
1265;606029;2
1266;606030;3
1267;606031;3
1268;606032;3
1269;606033;4
1270;606035;2
1271;606036;2
1272;606037;2
1273;606038;2
1274;606039;2
1275;606044;2
1276;606045;3
1277;606049;2
1278;606051;2
1279;606054;5
1280;606055;2
1281;606056;2
1282;606057;2
1283;606058;2
1284;606062;7
1285;606063;2
1286;606065;2
1287;606066;4
1288;606068;2
1289;606069;3
1290;606071;2
1291;606075;2
1292;606076;4
1293;606078;3
1294;606082;2
1295;606084;5
1296;606087;3
1297;606089;2
1298;606090;2
1299;606091;4
1300;606092;4
1301;606093;2
1302;606094;3
1303;606095;3
1304;606098;2
1305;606100;5
1306;606101;2
1307;606102;2
1308;606104;3
1309;606105;2
1310;606107;3
1311;606108;5
1312;606110;3
1313;606111;6
1314;606113;5
1315;606114;5
1316;606117;3
1317;606118;2
1318;606120;2
1319;606121;2
1320;606125;4
1321;606126;2
1322;606127;5
1323;606128;5
1324;606129;2
1325;606132;3
1326;606134;2
1327;606136;2
1328;606137;4
1329;606138;3
1330;606141;2
1331;606143;2
1332;606144;2
1333;606145;2
1334;606146;2
1335;606147;4
1336;606151;2
1337;606155;3
1338;606157;4
1339;606158;3
1340;606159;3
1341;606161;4
1342;606163;2
1343;606164;3
1344;606165;3
1345;606166;2
1346;606168;4
1347;606169;2
1348;606170;2
1349;606171;3
1350;606172;3
1351;606173;6
1352;606174;2
1353;606177;2
1354;606179;3
1355;606181;2
1356;606196;3
1357;606199;3
1358;606202;2
1359;606203;3
1360;606204;2
1361;606206;4
1362;606209;2
1363;606213;4
1364;606214;2
1365;606220;2
1366;606224;2
1367;606226;3
1368;606228;4
1369;606230;3
1370;606231;3
1371;606232;4
1372;606235;2
1373;606238;3
1374;606239;3
1375;606240;2
1376;606241;3
1377;606242;3
1378;606243;3
1379;606244;3
1380;606247;2
1381;606248;3
1382;606251;2
1383;606252;2
1384;606253;3
1385;606256;2
1386;606258;4
1387;606259;4
1388;606261;2
1389;606262;4
1390;606263;2
1391;606265;2
1392;606267;6
1393;606270;5
1394;606271;4
1395;606273;4
1396;606276;5
1397;606279;2
1398;606280;2
1399;606282;3
1400;606284;3
1401;606285;2
1402;606291;3
1403;606293;2
1404;606295;2
1405;606297;2
1406;606298;3
1407;606300;2
1408;606303;2
1409;606304;2
1410;606305;3
1411;606306;2
1412;606310;2
1413;606312;3
1414;606313;2
1415;606314;5
1416;606315;3
1417;606317;4
1418;606320;2
1419;606322;2
1420;606323;2
1421;606325;2
1422;606326;4
1423;606327;3
1424;606334;2
1425;606335;2
1426;606336;2
1427;606338;4
1428;606341;5
1429;606342;2
1430;606345;3
1431;606346;2
1432;606347;2
1433;606350;2
1434;606353;2
1435;606354;2
1436;606359;4
1437;606360;4
1438;606361;5
1439;606362;3
1440;606363;2
1441;606365;8
1442;606367;2
1443;606368;3
1444;606371;3
1445;606372;2
1446;606373;2
1447;606374;5
1448;606375;3
1449;606376;4
1450;606377;2
1451;606378;3
1452;606379;4
1453;606380;3
1454;606381;3
1455;606382;5
1456;606383;3
1457;606384;4
1458;606386;3
1459;606389;2
1460;606390;5
1461;606391;2
1462;606394;2
1463;606395;2
1464;606403;3
1465;606404;6
1466;606405;3
1467;606406;2
1468;606407;2
1469;606409;3
1470;606410;2
1471;606411;2
1472;606412;2
1473;606413;3
1474;606415;2
1475;606416;3
1476;606419;2
1477;606421;2
1478;606422;3
1479;606424;2
1480;606425;2
1481;606427;2
1482;606428;3
1483;606432;3
1484;606434;4
1485;606437;3
1486;606438;4
1487;606439;2
1488;606440;3
1489;606441;3
1490;606442;3
1491;606446;2
1492;606448;2
1493;606451;3
1494;606452;7
1495;606453;2
1496;606455;3
1497;606456;2
1498;606460;4
1499;606461;2
1500;606464;2
1501;606465;5
1502;606466;2
1503;606469;4
1504;606470;6
1505;606471;4
1506;606472;3
1507;606473;2
1508;606474;2
1509;606475;5
1510;606477;3
1511;606478;2
1512;606479;2
1513;606480;3
1514;606482;4
1515;606486;3
1516;606489;3
1517;606492;2
1518;606497;5
1519;606498;7
1520;606503;3
1521;606506;4
1522;606507;3
1523;606508;3
1524;606510;2
1525;606517;3
1526;606520;2
1527;606521;4
1528;606524;2
1529;606526;2
1530;606528;3
1531;606529;3
1532;606530;2
1533;606532;2
1534;606533;3
1535;606534;5
1536;606536;5
1537;606538;3
1538;606539;3
1539;606540;4
1540;606541;4
1541;606543;3
1542;606545;2
1543;606549;2
1544;606573;3
1545;606575;3
1546;606577;2
1547;606579;2
1548;606589;3
1549;606590;3
1550;606595;3
1551;606599;2
1552;606605;2
1553;606608;2
1554;606613;2
1555;606614;3
1556;606616;2
1557;606623;5
1558;606626;2
1559;606631;2
1560;606635;3
1561;606636;2
1562;606640;3
1563;606641;4
1564;606645;4
1565;606646;3
1566;606651;3
1567;606654;3
1568;606658;2
1569;606660;2
1570;606661;3
1571;606663;3
1572;606670;2
1573;606672;2
1574;606673;4
1575;606677;4
1576;606681;3
1577;606688;3
1578;606689;2
1579;606690;3
1580;606693;3
1581;606694;3
1582;606695;2
1583;606696;2
1584;606697;4
1585;606698;2
1586;606699;3
1587;606704;2
1588;606707;2
1589;606708;2
1590;606709;5
1591;606710;2
1592;606711;3
1593;606713;3
1594;606714;2
1595;606715;2
1596;606716;2
1597;606717;2
1598;606719;3
1599;606722;2
1600;606724;2
1601;606726;2
1602;606727;7
1603;606728;2
1604;606729;2
1605;606731;2
1606;606733;2
1607;606735;2
1608;606736;4
1609;606738;2
1610;606745;3
1611;606746;2
1612;606747;2
1613;606753;2
1614;606758;3
1615;606762;2
1616;606763;2
1617;606765;2
1618;606768;2
1619;606770;2
1620;606774;2
1621;606775;2
1622;606776;3
1623;606777;3
1624;606779;2
1625;606784;2
1626;606787;2
1627;606790;3
1628;606791;3
1629;606793;3
1630;606794;3
1631;606795;2
1632;606798;3
1633;606806;2
1634;606811;3
1635;606812;3
1636;606814;2
1637;606819;2
1638;606821;3
1639;606823;2
1640;606827;2
1641;606828;2
1642;606836;2
1643;606838;3
1644;606839;3
1645;606840;2
1646;606841;4
1647;606842;2
1648;606843;4
1649;606844;3
1650;606845;3
1651;606847;2
1652;606850;3
1653;606851;2
1654;606852;3
1655;606854;2
1656;606855;2
1657;606856;2
1658;606858;2
1659;606859;2
1660;606860;2
1661;606861;2
1662;606865;3
1663;606866;3
1664;606867;4
1665;606868;2
1666;606869;3
1667;606874;2
1668;606875;2
1669;606877;3
1670;606878;2
1671;606879;2
1672;606880;3
1673;606881;2
1674;606882;4
1675;606883;3
1676;606885;2
1677;606886;3
1678;606890;2
1679;606896;2
1680;606898;3
1681;606899;2
1682;606900;2
1683;606902;3
1684;606906;2
1685;606909;2
1686;606910;3
1687;606913;3
1688;606916;4
1689;606918;4
1690;606922;3
1691;606924;2
1692;606927;3
1693;606929;3
1694;606931;2
1695;606932;2
1696;606933;2
1697;606935;3
1698;606944;2
1699;606945;2
1700;606950;3
1701;606952;2
1702;606954;2
1703;606956;2
1704;606958;2
1705;606960;2
1706;606962;2
1707;606963;2
1708;606964;3
1709;606965;2
1710;606966;2
1711;606968;2
1712;606969;3
1713;606970;2
1714;606973;4
1715;606976;2
1716;606980;3
1717;606981;2
1718;606983;2
1719;606987;2
1720;606988;2
1721;606989;2
1722;606990;2
1723;606991;2
1724;606993;2
1725;606996;2
1726;606998;2
1727;607001;3
1728;607002;4
1729;607004;2
1730;607007;2
1731;607009;2
1732;607010;4
1733;607014;2
1734;607015;3
1735;607016;3
1736;607017;3
1737;607020;3
1738;607021;3
1739;607022;3
1740;607023;3
1741;607025;2
1742;607027;3
1743;607029;2
1744;607036;3
1745;607037;3
1746;607043;2
1747;607047;2
1748;607048;2
1749;607050;4
1750;607052;3
1751;607055;2
1752;607065;2
1753;607066;2
1754;607068;3
1755;607071;5
1756;607073;2
1757;607078;2
1758;607082;3
1759;607089;5
1760;607090;2
1761;607091;3
1762;607092;4
1763;607094;3
1764;607096;2
1765;607109;2
1766;607113;2
1767;607115;2
1768;607118;2
1769;607123;5
1770;607124;5
1771;607128;2
1772;607130;2
1773;607132;2
1774;607133;2
1775;607142;5
1776;607146;2
1777;607147;2
1778;607148;4
1779;607150;4
1780;607153;3
1781;607154;4
1782;607156;2
1783;607159;2
1784;607162;2
1785;607164;2
1786;607166;5
1787;607169;3
1788;607175;3
1789;607181;4
1790;607182;4
1791;607186;2
1792;607188;3
1793;607191;5
1794;607192;3
1795;607193;6
1796;607195;2
1797;607198;2
1798;607199;2
1799;607200;5
1800;607203;2
1801;607204;2
1802;607207;7
1803;607208;6
1804;607209;5
1805;607210;3
1806;607213;2
1807;607214;3
1808;607216;2
1809;607217;5
1810;607219;2
1811;607221;3
1812;607222;3
1813;607225;4
1814;607227;4
1815;607231;2
1816;607236;3
1817;607237;2
1818;607239;3
1819;607249;2
1820;607260;3
1821;607261;5
1822;607270;4
1823;607271;3
1824;607272;3
1825;607273;2
1826;607275;4
1827;607276;2
1828;607277;2
1829;607279;2
1830;607280;2
1831;607281;2
1832;607282;3
1833;607283;3
1834;607284;6
1835;607285;2
1836;607286;3
1837;607287;2
1838;607288;3
1839;607291;3
1840;607293;2
1841;607294;2
1842;607296;3
1843;607299;2
1844;607303;2
1845;607306;2
1846;607307;2
1847;607308;3
1848;607309;2
1849;607310;2
1850;607311;2
1851;607315;2
1852;607317;3
1853;607318;5
1854;607319;4
1855;607321;3
1856;607323;2
1857;607324;2
1858;607325;2
1859;607327;5
1860;607328;3
1861;607329;2
1862;607333;7
1863;607340;2
1864;607342;2
1865;607345;3
1866;607346;2
1867;607347;2
1868;607350;2
1869;607351;3
1870;607352;3
1871;607353;2
1872;607357;2
1873;607359;3
1874;607360;6
1875;607361;4
1876;607365;4
1877;607366;3
1878;607368;2
1879;607369;2
1880;607370;2
1881;607374;3
1882;607375;2
1883;607376;2
1884;607378;2
1885;607380;2
1886;607387;2
1887;607388;2
1888;607389;4
1889;607390;2
1890;607392;2
1891;607394;2
1892;607396;2
1893;607400;3
1894;607401;3
1895;607403;5
1896;607404;2
1897;607406;2
1898;607407;2
1899;607408;3
1900;607409;2
1901;607410;2
1902;607412;4
1903;607413;4
1904;607414;3
1905;607415;2
1906;607417;4
1907;607418;5
1908;607419;3
1909;607420;2
1910;607421;2
1911;607422;2
1912;607423;3
1913;607425;2
1914;607428;2
1915;607429;2
1916;607430;2
1917;607431;5
1918;607432;2
1919;607433;2
1920;607436;2
1921;607437;4
1922;607438;3
1923;607439;2
1924;607440;2
1925;607441;2
1926;607443;4
1927;607444;2
1928;607445;2
1929;607447;2
1930;607449;3
1931;607455;4
1932;607456;3
1933;607457;4
1934;607459;4
1935;607461;2
1936;607462;3
1937;607465;3
1938;607466;2
1939;607467;2
1940;607468;3
1941;607470;2
1942;607471;4
1943;607473;2
1944;607474;4
1945;607478;3
1946;607479;3
1947;607484;4
1948;607487;4
1949;607490;2
1950;607493;4
1951;607497;2
1952;607498;2
1953;607500;7
1954;607501;4
1955;607503;2
1956;607508;2
1957;607513;2
1958;607519;3
1959;607520;2
1960;607523;2
1961;607526;2
1962;607527;2
1963;607533;3
1964;607540;3
1965;607542;3
1966;607544;2
1967;607546;2
1968;607547;3
1969;607548;4
1970;607549;3
1971;607553;4
1972;607556;5
1973;607560;2
1974;607561;2
1975;607563;3
1976;607565;5
1977;607566;2
1978;607568;2
1979;607569;2
1980;607571;5
1981;607572;4
1982;607575;3
1983;607577;2
1984;607582;3
1985;607585;6
1986;607586;4
1987;607588;3
1988;607590;2
1989;607594;3
1990;607595;4
1991;607597;2
1992;607601;2
1993;607602;4
1994;607603;3
1995;607606;5
1996;607607;5
1997;607608;3
1998;607609;3
1999;607611;7
2000;607613;2
2001;607615;2
2002;607617;3
2003;607619;3
2004;607623;7
2005;607625;3
2006;607626;3
2007;607627;3
2008;607632;3
2009;607637;2
2010;607641;2
2011;607643;6
2012;607644;2
2013;607645;5
2014;607647;4
2015;607651;4
2016;607653;2
2017;607654;2
2018;607655;3
2019;607657;2
2020;607658;5
2021;607660;4
2022;607662;3
2023;607663;3
2024;607667;2
2025;607668;2
2026;607669;4
2027;607670;2
2028;607672;2
2029;607673;2
2030;607679;3
2031;607680;3
2032;607682;4
2033;607683;2
2034;607694;2
2035;607697;5
2036;607698;3
2037;607699;2
2038;607700;2
2039;607703;2
2040;607710;2
2041;607711;3
2042;607718;4
2043;607723;3
2044;607727;4
2045;607738;3
2046;607740;4
2047;607741;3
2048;607742;2
2049;607743;2
2050;607744;3
2051;607745;2
2052;607749;2
2053;607750;3
2054;607752;2
2055;607754;2
2056;607769;3
2057;607773;4
2058;607775;2
2059;607776;2
2060;607777;2
2061;607780;3
2062;607785;3
2063;607797;4
2064;607801;2
2065;607802;4
2066;607804;3
2067;607806;2
2068;607807;3
2069;607810;2
2070;607813;3
2071;607814;2
2072;607815;2
2073;607817;2
2074;607818;2
2075;607819;3
2076;607820;2
2077;607821;2
2078;607822;2
2079;607823;5
2080;607825;3
2081;607826;3
2082;607837;2
2083;607839;2
2084;607841;2
2085;607842;3
2086;607845;2
2087;607850;5
2088;607851;2
2089;607852;4
2090;607857;7
2091;607863;3
2092;607869;2
2093;607873;2
2094;607874;2
2095;607877;2
2096;607884;4
2097;607894;3
2098;607897;3
2099;607899;3
2100;607901;4
2101;607902;3
2102;607905;3
2103;607911;7
2104;607912;2
2105;607915;3
2106;607921;5
2107;607923;2
2108;607927;2
2109;607928;2
2110;607930;2
2111;607931;2
2112;607933;4
2113;607935;3
2114;607937;4
2115;607940;2
2116;607944;2
2117;607948;3
2118;607954;3
2119;607955;2
2120;607961;2
2121;607972;2
2122;607974;2
2123;607978;2
2124;607985;5
2125;607995;2
2126;607997;3
2127;607998;3
2128;608000;8
2129;608004;2
2130;608008;2
2131;608011;2
2132;608012;4
2133;608017;4
2134;608022;3
2135;608026;2
2136;608029;2
2137;608035;3
2138;608040;2
2139;608042;6
2140;608043;3
2141;608047;4
2142;608048;2
2143;608051;2
2144;608052;3
2145;608055;2
2146;608056;4
2147;608059;3
2148;608060;2
2149;608066;2
2150;608069;3
2151;608071;2
2152;608074;3
2153;608079;5
2154;608081;2
2155;608082;3
2156;608083;2
2157;608085;2
2158;608087;3
2159;608088;2
2160;608092;4
2161;608098;3
2162;608099;2
2163;608103;2
2164;608106;2
2165;608107;3
2166;608108;2
2167;608114;2
2168;608118;2
2169;608119;2
2170;608120;4
2171;608123;2
2172;608125;2
2173;608130;3
2174;608131;2
2175;608134;2
2176;608135;2
2177;608137;2
2178;608138;3
2179;608141;2
2180;608142;3
2181;608143;2
2182;608144;4
2183;608147;2
2184;608150;2
2185;608152;2
2186;608155;3
2187;608157;2
2188;608158;3
2189;608160;2
2190;608161;3
2191;608162;2
2192;608163;2
2193;608164;3
2194;608167;2
2195;608169;3
2196;608170;2
2197;608171;2
2198;608172;2
2199;608176;2
2200;608177;2
2201;608178;3
2202;608185;3
2203;608186;2
2204;608187;2
2205;608189;2
2206;608190;3
2207;608191;3
2208;608195;2
2209;608197;3
2210;608198;2
2211;608199;2
2212;608201;3
2213;608207;2
2214;608211;3
2215;608212;2
2216;608217;3
2217;608218;2
2218;608220;5
2219;608221;2
2220;608222;3
2221;608224;2
2222;608226;3
2223;608227;2
2224;608229;2
2225;608230;3
2226;608234;2
2227;608238;4
2228;608239;2
2229;608240;2
2230;608242;4
2231;608245;2
2232;608246;2
2233;608248;3
2234;608249;2
2235;608255;4
2236;608259;4
2237;608260;3
2238;608261;3
2239;608263;4
2240;608267;2
2241;608268;2
2242;608270;3
2243;608271;2
2244;608273;2
2245;608274;2
2246;608276;2
2247;608278;2
2248;608283;2
2249;608284;2
2250;608285;2
2251;608286;2
2252;608290;2
2253;608293;2
2254;608296;2
2255;608298;2
2256;608301;3
2257;608302;2
2258;608303;4
2259;608309;3
2260;608312;2
2261;608313;4
2262;608314;2
2263;608320;2
2264;608322;5
2265;608323;2
2266;608326;3
2267;608333;4
2268;608336;2
2269;608337;2
2270;608338;2
2271;608339;3
2272;608340;10
2273;608341;2
2274;608342;2
2275;608357;2
2276;608362;2
2277;608367;2
2278;608368;3
2279;608370;2
2280;608372;2
2281;608373;2
2282;608377;2
2283;608381;3
2284;608382;2
2285;608383;2
2286;608385;2
2287;608386;2
2288;608389;5
2289;608392;3
2290;608395;5
2291;608396;2
2292;608397;3
2293;608401;4
2294;608405;2
2295;608406;2
2296;608407;2
2297;608411;2
2298;608412;3
2299;608414;3
2300;608415;2
2301;608419;2
2302;608422;2
2303;608423;2
2304;608426;2
2305;608430;2
2306;608436;4
2307;608439;3
2308;608441;2
2309;608444;4
2310;608446;3
2311;608451;4
2312;608452;2
2313;608456;2
2314;608457;3
2315;608459;2
2316;608461;3
2317;608464;2
2318;608470;4
2319;608471;5
2320;608473;4
2321;608474;3
2322;608479;3
2323;608481;3
2324;608485;2
2325;608486;2
2326;608488;2
2327;608490;2
2328;608493;2
2329;608497;3
2330;608506;2
2331;608510;2
2332;608511;2
2333;608513;2
2334;608518;3
2335;608521;3
2336;608523;2
2337;608526;2
2338;608528;2
2339;608529;2
2340;608532;2
2341;608534;2
2342;608537;2
2343;608541;2
2344;608543;4
2345;608548;2
2346;608549;3
2347;608550;3
2348;608552;3
2349;608553;4
2350;608554;2
2351;608556;3
2352;608557;3
2353;608564;3
2354;608569;3
2355;608570;3
2356;608572;5
2357;608574;2
2358;608575;2
2359;608577;3
2360;608578;2
2361;608581;3
2362;608583;5
2363;608584;3
2364;608586;2
2365;608587;2
2366;608588;5
2367;608591;3
2368;608593;2
2369;608597;2
2370;608601;5
2371;608602;3
2372;608606;2
2373;608610;2
2374;608613;4
2375;608614;3
2376;608617;2
2377;608624;2
2378;608627;2
2379;608630;2
2380;608631;2
2381;608632;3
2382;608634;2
2383;608638;4
2384;608642;2
2385;608644;2
2386;608645;2
2387;608648;5
2388;608649;2
2389;608650;2
2390;608654;2
2391;608655;3
2392;608656;2
2393;608658;2
2394;608659;3
2395;608662;2
2396;608664;2
2397;608665;2
2398;608666;5
2399;608667;2
2400;608670;2
2401;608671;3
2402;608672;2
2403;608673;2
2404;608674;3
2405;608676;2
2406;608677;3
2407;608679;2
2408;608680;2
2409;608681;2
2410;608682;2
2411;608684;2
2412;608686;2
2413;608688;2
2414;608689;2
2415;608691;2
2416;608692;2
2417;608694;2
2418;608697;2
2419;608701;2
2420;608714;3
2421;608717;3
2422;608719;2
2423;608722;2
2424;608724;2
2425;608726;2
2426;608728;7
2427;608729;2
2428;608733;3
2429;608741;2
2430;608742;2
2431;608743;2
2432;608748;4
2433;608749;5
2434;608750;2
2435;608752;2
2436;608756;2
2437;608757;2
2438;608758;2
2439;608761;2
2440;608766;2
2441;608768;2
2442;608770;2
2443;608771;2
2444;608774;4
2445;608776;3
2446;608777;2
2447;608780;2
2448;608782;2
2449;608783;5
2450;608784;2
2451;608786;2
2452;608791;2
2453;608792;3
2454;608793;3
2455;608794;3
2456;608795;2
2457;608796;2
2458;608797;2
2459;608799;2
2460;608805;2
2461;608806;2
2462;608812;8
2463;608815;2
2464;608816;2
2465;608819;2
2466;608821;5
2467;608822;4
2468;608824;2
2469;608825;2
2470;608826;2
2471;608830;3
2472;608833;2
2473;608838;2
2474;608839;3
2475;608842;3
2476;608845;2
2477;608846;4
2478;608850;4
2479;608851;2
2480;608852;3
2481;608857;3
2482;608858;2
2483;608860;4
2484;608868;2
2485;608869;2
2486;608872;2
2487;608877;2
2488;608878;3
2489;608879;3
2490;608888;2
2491;608890;2
2492;608895;4
2493;608897;2
2494;608901;2
2495;608903;3
2496;608905;2
2497;608909;2
2498;608911;2
2499;608913;2
2500;608914;2
2501;608915;2
2502;608919;3
2503;608921;2
2504;608923;3
2505;608925;5
2506;608927;2
2507;608930;3
2508;608932;2
2509;608934;2
2510;608940;4
2511;608941;3
2512;608943;2
2513;608956;2
2514;608960;3
2515;608961;3
2516;608962;2
2517;608963;5
2518;608968;3
2519;608971;3
2520;608973;3
2521;608975;2
2522;608976;2
2523;608977;2
2524;608978;5
2525;608981;3
2526;608982;3
2527;608992;2
2528;609002;2
2529;609004;2
2530;609007;2
2531;609019;3
2532;609022;4
2533;609024;3
2534;609025;3
2535;609026;3
2536;609028;4
2537;609030;3
2538;609031;3
2539;609033;2
2540;609034;2
2541;609035;3
2542;609039;2
2543;609040;3
2544;609041;2
2545;609042;2
2546;609047;3
2547;609049;2
2548;609053;2
2549;609055;3
2550;609058;2
2551;609062;3
2552;609067;2
2553;609070;2
2554;609072;2
2555;609074;2
2556;609075;2
2557;609084;2
2558;609086;2
2559;609093;4
2560;609095;2
2561;609098;2
2562;609108;2
2563;609111;2
2564;609113;2
2565;609115;2
2566;609121;3
2567;609124;4
2568;609138;4
2569;609143;2
2570;609145;2
2571;609158;2
2572;609167;3
2573;609174;2
2574;609175;2
2575;609180;2
2576;609182;3
2577;609183;3
2578;609188;2
2579;609189;2
2580;609194;2
2581;609196;3
2582;609197;2
2583;609199;3
2584;609205;3
2585;609210;2
2586;609218;2
2587;609230;2
2588;609240;4
2589;609245;2
2590;609247;2
2591;609254;3
2592;609256;2
2593;609257;3
2594;609260;2
2595;609261;2
2596;609265;2
2597;609270;2
2598;609271;3
2599;609272;6
2600;609274;3
2601;609277;2
2602;609278;3
2603;609284;2
2604;609289;3
2605;609292;2
2606;609298;2
2607;609301;2
2608;609306;2
2609;609307;2
2610;609308;5
2611;609313;4
2612;609315;2
2613;609319;4
2614;609321;2
2615;609323;3
2616;609325;2
2617;609330;4
2618;609331;3
2619;609343;2
2620;609345;2
2621;609349;2
2622;609350;5
2623;609351;4
2624;609355;2
2625;609356;2
2626;609357;3
2627;609361;2
2628;609365;3
2629;609366;2
2630;609367;3
2631;609368;2
2632;609375;4
2633;609377;2
2634;609382;3
2635;609383;3
2636;609384;2
2637;609393;3
2638;609395;3
2639;609398;3
2640;609402;2
2641;609403;3
2642;609406;2
2643;609409;2
2644;609411;4
2645;609412;4
2646;609416;2
2647;609419;2
2648;609427;2
2649;609430;2
2650;609432;3
2651;609434;2
2652;609437;2
2653;609438;3
2654;609444;7
2655;609447;2
2656;609448;2
2657;609449;2
2658;609450;2
2659;609451;2
2660;609456;2
2661;609457;2
2662;609458;4
2663;609460;2
2664;609465;2
2665;609469;3
2666;609470;2
2667;609473;2
2668;609474;5
2669;609476;3
2670;609482;2
2671;609483;2
2672;609485;2
2673;609487;2
2674;609491;2
2675;609492;2
2676;609493;2
2677;609494;2
2678;609496;2
2679;609497;6
2680;609499;2
2681;609500;2
2682;609501;9
2683;609502;3
2684;609504;2
2685;609506;2
2686;609509;2
2687;609510;2
2688;609512;2
2689;609513;4
2690;609525;2
2691;609527;2
2692;609529;5
2693;609531;3
2694;609532;2
2695;609533;3
2696;609534;3
2697;609537;2
2698;609538;3
2699;609539;2
2700;609540;2
2701;609541;2
2702;609542;3
2703;609547;5
2704;609583;2
2705;609586;2
2706;609589;6
2707;609590;4
2708;609591;2
2709;609593;2
2710;609601;2
2711;609602;3
2712;609604;4
2713;609609;2
2714;609616;3
2715;609617;2
2716;609620;2
2717;609621;2
2718;609622;2
2719;609623;3
2720;609624;2
2721;609625;5
2722;609627;2
2723;609631;2
2724;609632;4
2725;609636;4
2726;609637;2
2727;609638;2
2728;609639;3
2729;609640;2
2730;609641;3
2731;609642;3
2732;609643;3
2733;609645;5
2734;609647;2
2735;609648;2
2736;609649;4
2737;609653;2
2738;609654;2
2739;609656;3
2740;609659;2
2741;609660;3
2742;609662;2
2743;609665;3
2744;609670;2
2745;609672;2
2746;609678;2
2747;609687;4
2748;609689;2
2749;609696;3
2750;609697;3
2751;609698;3
2752;609700;5
2753;609701;3
2754;609702;2
2755;609706;3
2756;609707;3
2757;609708;3
2758;609709;3
2759;609710;5
2760;609711;3
2761;609712;3
2762;609713;2
2763;609715;2
2764;609716;2
2765;609720;4
2766;609726;3
2767;609728;4
2768;609733;2
2769;609735;3
2770;609740;6
2771;609742;4
2772;609743;2
2773;609755;4
2774;609758;3
2775;609759;4
2776;609760;3
2777;609761;3
2778;609765;2
2779;609766;2
2780;609767;2
2781;609768;2
2782;609772;3
2783;609773;3
2784;609776;2
2785;609777;3
2786;609781;2
2787;609782;2
2788;609785;2
2789;609787;3
2790;609788;2
2791;609789;3
2792;609792;2
2793;609793;3
2794;609794;2
2795;609795;2
2796;609796;2
2797;609799;4
2798;609800;3
2799;609801;3
2800;609803;2
2801;609804;2
2802;609805;3
2803;609809;2
2804;609811;2
2805;609812;3
2806;609817;3
2807;609821;6
2808;609822;3
2809;609826;7
2810;609829;3
2811;609839;2
2812;609843;3
2813;609846;2
2814;609855;2
2815;609857;2
2816;609858;2
2817;609860;4
2818;609861;2
2819;609863;4
2820;609867;2
2821;609868;3
2822;609869;3
2823;609873;5
2824;609874;3
2825;609875;2
2826;609876;2
2827;609878;3
2828;609879;2
2829;609880;5
2830;609884;2
2831;609886;3
2832;609891;4
2833;609892;2
2834;609895;4
2835;609896;7
2836;609898;3
2837;609901;2
2838;609904;3
2839;609906;2
2840;609908;5
2841;609909;3
2842;609910;3
2843;609912;3
2844;609913;3
2845;609914;2
2846;609917;4
2847;609926;2
2848;609929;2
2849;609933;2
2850;609935;4
2851;609936;2
2852;609937;2
2853;609938;2
2854;609939;2
2855;609941;2
2856;609943;2
2857;609944;5
2858;609946;3
2859;609948;2
2860;609949;4
2861;609951;3
2862;609952;2
2863;609953;5
2864;609954;2
2865;609955;3
2866;609956;2
2867;609960;4
2868;609964;3
2869;609966;2
2870;609969;2
2871;609971;4
2872;609972;2
2873;609974;2
2874;609976;6
2875;609978;2
2876;609980;2
2877;609981;2
2878;609982;2
2879;609987;2
2880;609993;4
2881;609994;4
2882;609995;2
2883;609998;4
2884;610002;3
2885;610003;2
2886;610007;4
2887;610009;2
2888;610010;3
2889;610011;2
2890;610013;2
2891;610015;4
2892;610016;2
2893;610017;2
2894;610024;3
2895;610026;2
2896;610027;3
2897;610028;4
2898;610029;2
2899;610031;2
2900;610032;4
2901;610036;2
2902;610038;3
2903;610040;2
2904;610045;3
2905;610046;3
2906;610052;2
2907;610053;3
2908;610055;4
2909;610056;3
2910;610057;2
2911;610059;2
2912;610060;3
2913;610061;2
2914;610062;2
2915;610063;2
2916;610064;2
2917;610065;2
2918;610066;2
2919;610067;2
2920;610068;2
2921;610069;3
2922;610070;2
2923;610071;2
2924;610073;2
2925;610074;2
2926;610076;2
2927;610079;3
2928;610081;3
2929;610082;2
2930;610083;4
2931;610084;2
2932;610085;2
2933;610086;3
2934;610088;2
2935;610089;2
2936;610092;3
2937;610093;4
2938;610094;2
2939;610095;2
2940;610100;2
2941;610101;2
2942;610102;3
2943;610103;2
2944;610105;4
2945;610107;3
2946;610108;4
2947;610109;4
2948;610110;3
2949;610111;2
2950;610112;2
2951;610113;2
2952;610114;4
2953;610115;2
2954;610116;2
2955;610117;2
2956;610118;3
2957;610119;2
2958;610123;3
2959;610124;3
2960;610125;3
2961;610126;4
2962;610131;4
2963;610132;2
2964;610133;2
2965;610137;2
2966;610138;3
2967;610139;2
2968;610141;2
2969;610142;3
2970;610143;5
2971;610145;2
2972;610146;3
2973;610147;2
2974;610148;2
2975;610150;3
2976;610152;4
2977;610153;4
2978;610154;2
2979;610157;2
2980;610158;2
2981;610159;2
2982;610160;2
2983;610165;3
2984;610167;3
2985;610168;4
2986;610170;2
2987;610171;2
2988;610172;3
2989;610174;2
2990;610175;2
2991;610176;3
2992;610178;2
2993;610181;3
2994;610182;2
2995;610186;3
2996;610187;3
2997;610192;2
2998;610194;2
2999;610196;2
3000;610200;3
3001;610206;2
3002;610208;3
3003;610210;2
3004;610211;2
3005;610213;2
3006;610215;2
3007;610216;4
3008;610217;4
3009;610219;2
3010;610221;2
3011;610222;2
3012;610225;5
3013;610227;3
3014;610229;2
3015;610231;2
3016;610232;4
3017;610237;2
3018;610238;5
3019;610240;2
3020;610243;4
3021;610246;3
3022;610247;4
3023;610248;2
3024;610249;2
3025;610251;2
3026;610258;2
3027;610260;2
3028;610261;2
3029;610262;3
3030;610267;3
3031;610272;2
3032;610275;2
3033;610276;2
3034;610278;2
3035;610279;2
3036;610284;2
3037;610285;2
3038;610286;4
3039;610287;3
3040;610288;2
3041;610292;3
3042;610295;2
3043;610296;4
3044;610297;4
3045;610299;2
3046;610305;8
3047;610308;3
3048;610310;2
3049;610311;2
3050;610312;4
3051;610313;2
3052;610314;4
3053;610316;2
3054;610317;2
3055;610318;2
3056;610320;2
3057;610323;2
3058;610324;3
3059;610325;2
3060;610327;4
3061;610329;5
3062;610334;2
3063;610335;3
3064;610336;2
3065;610340;3
3066;610344;2
3067;610346;3
3068;610349;3
3069;610350;2
3070;610351;2
3071;610356;3
3072;610357;2
3073;610364;3
3074;610372;2
3075;610373;2
3076;610374;2
3077;610376;3
3078;610380;2
3079;610383;2
3080;610386;4
3081;610387;7
3082;610391;3
3083;610395;2
3084;610396;2
3085;610399;3
3086;610401;2
3087;610402;2
3088;610408;2
3089;610409;2
3090;610410;2
3091;610411;2
3092;610419;2
3093;610423;2
3094;610424;2
3095;610425;2
3096;610426;2
3097;610428;2
3098;610431;3
3099;610432;3
3100;610433;2
3101;610434;2
3102;610435;3
3103;610436;2
3104;610438;2
3105;610442;2
3106;610446;4
3107;610448;2
3108;610449;2
3109;610450;2
3110;610451;2
3111;610452;2
3112;610453;3
3113;610458;4
3114;610459;3
3115;610464;2
3116;610465;4
3117;610474;3
3118;610478;2
3119;610479;2
3120;610483;3
3121;610484;2
3122;610486;3
3123;610487;2
3124;610492;2
3125;610493;4
3126;610495;2
3127;610498;3
3128;610499;3
3129;610500;2
3130;610501;3
3131;610502;3
3132;610503;2
3133;610506;2
3134;610511;2
3135;610512;2
3136;610515;2
3137;610517;3
3138;610518;2
3139;610519;2
3140;610520;2
3141;610521;2
3142;610526;2
3143;610529;4
3144;610530;2
3145;610531;2
3146;610629;2
3147;610630;3
3148;610631;2
3149;610640;2
3150;610653;2
3151;610655;2
3152;610656;2
3153;610657;2
3154;610658;2
3155;610659;4
3156;610661;2
3157;610664;2
3158;610666;4
3159;610667;3
3160;610668;2
3161;610671;2
3162;610673;4
3163;610675;2
3164;610676;3
3165;610677;3
3166;610678;2
3167;610680;2
3168;610681;2
3169;610683;3
3170;610684;3
3171;610687;2
3172;610688;2
3173;610689;3
3174;610690;2
3175;610695;2
3176;610696;2
3177;610697;2
3178;610698;2
3179;610701;2
3180;610712;3
3181;610713;4
3182;610714;3
3183;610715;2
3184;610716;2
3185;610719;2
3186;610721;2
3187;610722;3
3188;610724;2
3189;610728;3
3190;610731;2
3191;610734;2
3192;610748;2
3193;610751;2
3194;610755;4
3195;610756;2
3196;610757;5
3197;610759;3
3198;610760;2
3199;610764;3
3200;610765;4
3201;610766;3
3202;610768;5
3203;610771;3
3204;610782;2
3205;610783;3
3206;610795;2
3207;610798;2
3208;610799;2
3209;610801;2
3210;610802;3
3211;610803;2
3212;610804;3
3213;610809;3
3214;610812;2
3215;610813;2
3216;610821;14
3217;610826;2
3218;610828;8
3219;610829;2
3220;610830;3
3221;610832;2
3222;610833;2
3223;610835;3
3224;610839;2
3225;610840;2
3226;610842;2
3227;610845;2
3228;610847;2
3229;610848;2
3230;610850;2
3231;610851;3
3232;610852;3
3233;610859;3
3234;610866;3
3235;610868;5
3236;610869;2
3237;610872;3
3238;610873;2
3239;610874;2
3240;610876;2
3241;610878;2
3242;610880;3
3243;610882;2
3244;610883;3
3245;610885;2
3246;610886;5
3247;610896;2
3248;610907;3
3249;610908;3
3250;610909;4
3251;610910;4
3252;610911;5
3253;610913;3
3254;610915;2
3255;610916;2
3256;610917;3
3257;610919;3
3258;610921;2
3259;610922;3
3260;610924;2
3261;610925;2
3262;610928;2
3263;610929;4
3264;610930;2
3265;610933;2
3266;610934;3
3267;610936;3
3268;610939;2
3269;610940;3
3270;610941;3
3271;610942;2
3272;610943;3
3273;610945;4
3274;610949;4
3275;610952;3
3276;610953;2
3277;610954;2
3278;610955;3
3279;610958;2
3280;610959;3
3281;610960;2
3282;610962;2
3283;610964;3
3284;610965;2
3285;610966;2
3286;610967;3
3287;610968;2
3288;610969;2
3289;610972;4
3290;610973;2
3291;610974;2
3292;610975;2
3293;610979;3
3294;610980;6
3295;610982;3
3296;610983;2
3297;610986;2
3298;610989;4
3299;610992;3
3300;610993;2
3301;611001;3
3302;611002;3
3303;611005;2
3304;611006;3
3305;611010;2
3306;611012;4
3307;611013;2
3308;611016;2
3309;611017;4
3310;611019;4
3311;611020;3
3312;611021;2
3313;611022;4
3314;611023;3
3315;611024;2
3316;611025;5
3317;611026;4
3318;611027;2
3319;611028;3
3320;611029;2
3321;611030;2
3322;611032;2
3323;611033;3
3324;611035;3
3325;611041;3
3326;611042;2
3327;611044;5
3328;611047;3
3329;611049;2
3330;611050;2
3331;611051;3
3332;611052;3
3333;611055;2
3334;611056;4
3335;611057;2
3336;611058;2
3337;611060;3
3338;611071;2
3339;611074;2
3340;611077;3
3341;611081;2
3342;611083;3
3343;611084;2
3344;611085;4
3345;611086;4
3346;611088;3
3347;611089;3
3348;611090;2
3349;611093;3
3350;611094;2
3351;611095;5
3352;611096;4
3353;611097;2
3354;611098;3
3355;611099;3
3356;611102;2
3357;611103;3
3358;611105;2
3359;611106;2
3360;611107;2
3361;611108;2
3362;611109;2
3363;611111;2
3364;611112;3
3365;611113;2
3366;611114;3
3367;611115;2
3368;611116;3
3369;611117;2
3370;611118;5
3371;611119;5
3372;611120;4
3373;611121;4
3374;611122;2
3375;611127;3
3376;611128;4
3377;611130;3
3378;611131;2
3379;611133;2
3380;611134;2
3381;611135;3
3382;611136;3
3383;611137;2
3384;611138;2
3385;611140;2
3386;611141;2
3387;611142;2
3388;611144;2
3389;611145;4
3390;611149;2
3391;611150;2
3392;611153;2
3393;611154;2
3394;611156;2
3395;611158;2
3396;611160;2
3397;611162;4
3398;611163;3
3399;611164;2
3400;611165;2
3401;611168;2
3402;611169;3
3403;611170;3
3404;611172;3
3405;611173;2
3406;611177;2
3407;611179;2
3408;611180;4
3409;611182;2
3410;611183;4
3411;611184;4
3412;611185;4
3413;611186;2
3414;611187;3
3415;611188;4
3416;611189;2
3417;611193;2
3418;611194;3
3419;611196;2
3420;611197;3
3421;611198;3
3422;611200;3
3423;611201;3
3424;611202;2
3425;611203;2
3426;611205;2
3427;611206;2
3428;611208;5
3429;611209;5
3430;611210;3
3431;611212;2
3432;611214;2
3433;611215;2
3434;611216;2
3435;611218;2
3436;611220;4
3437;611222;2
3438;611223;2
3439;611224;2
3440;611225;2
3441;611226;2
3442;611228;2
3443;611230;2
3444;611233;3
3445;611237;2
3446;611238;2
3447;611241;3
3448;611242;5
3449;611245;2
3450;611246;3
3451;611249;3
3452;611251;3
3453;611252;2
3454;611253;2
3455;611256;2
3456;611257;3
3457;611261;2
3458;611264;2
3459;611265;3
3460;611266;3
3461;611267;4
3462;611269;4
3463;611270;3
3464;611272;3
3465;611274;2
3466;611276;3
3467;611277;2
3468;611280;2
3469;611281;2
3470;611282;3
3471;611285;2
3472;611289;4
3473;611291;2
3474;611292;2
3475;611297;3
3476;611300;2
3477;611302;3
3478;611303;2
3479;611304;2
3480;611305;4
3481;611306;2
3482;611307;3
3483;611309;3
3484;611310;4
3485;611313;2
3486;611314;2
3487;611315;3
3488;611316;2
3489;611317;3
3490;611321;2
3491;611322;3
3492;611325;4
3493;611331;2
3494;611333;3
3495;611334;2
3496;611336;3
3497;611337;2
3498;611339;2
3499;611341;2
3500;611342;3
3501;611344;3
3502;611346;3
3503;611349;2
3504;611350;3
3505;611351;3
3506;611354;2
3507;611356;2
3508;611358;2
3509;611359;2
3510;611360;2
3511;611362;3
3512;611364;3
3513;611366;2
3514;611368;2
3515;611369;3
3516;611370;2
3517;611374;2
3518;611375;2
3519;611377;3
3520;611379;2
3521;611381;2
3522;611382;2
3523;611383;2
3524;611384;2
3525;611385;3
3526;611386;2
3527;611387;2
3528;611388;3
3529;611391;3
3530;611392;3
3531;611393;3
3532;611395;3
3533;611396;2
3534;611397;3
3535;611398;3
3536;611400;2
3537;611407;2
3538;611412;4
3539;611413;3
3540;611414;4
3541;611417;2
3542;611418;2
3543;611420;2
3544;611422;4
3545;611423;2
3546;611426;4
3547;611427;3
3548;611428;2
3549;611429;3
3550;611430;4
3551;611431;2
3552;611433;3
3553;611434;3
3554;611437;4
3555;611438;4
3556;611439;2
3557;611440;3
3558;611442;4
3559;611443;2
3560;611445;2
3561;611447;2
3562;611448;3
3563;611449;4
3564;611450;2
3565;611452;4
3566;611453;4
3567;611454;2
3568;611458;2
3569;611459;3
3570;611460;2
3571;611461;2
3572;611463;2
3573;611469;2
3574;611470;4
3575;611471;2
3576;611473;3
3577;611474;3
3578;611476;3
3579;611478;3
3580;611479;3
3581;611480;4
3582;611482;2
3583;611483;3
3584;611484;2
3585;611489;2
3586;611492;2
3587;611493;2
3588;611495;2
3589;611496;2
3590;611498;2
3591;611500;3
3592;611503;2
3593;611513;2
3594;611514;4
3595;611518;2
3596;611521;2
3597;611522;3
3598;611524;2
3599;611525;3
3600;611527;2
3601;611529;2
3602;611533;3
3603;611534;2
3604;611535;6
3605;611536;2
3606;611538;3
3607;611543;3
3608;611544;2
3609;611546;2
3610;611547;3
3611;611552;2
3612;611553;2
3613;611555;4
3614;611557;2
3615;611559;3
3616;611561;2
3617;611562;2
3618;611566;4
3619;611570;3
3620;611571;3
3621;611572;4
3622;611574;2
3623;611575;3
3624;611576;3
3625;611577;6
3626;611582;4
3627;611584;3
3628;611586;2
3629;611587;2
3630;611589;3
3631;611590;2
3632;611593;2
3633;611594;3
3634;611596;2
3635;611599;4
3636;611600;2
3637;611603;2
3638;611604;3
3639;611606;4
3640;611607;2
3641;611608;3
3642;611611;3
3643;611613;2
3644;611615;3
3645;611620;2
3646;611621;3
3647;611627;3
3648;611628;2
3649;611629;3
3650;611630;2
3651;611635;2
3652;611636;3
3653;611637;4
3654;611638;2
3655;611641;3
3656;611642;2
3657;611643;2
3658;611644;3
3659;611647;3
3660;611649;3
3661;611650;2
3662;611651;2
3663;611652;2
3664;611658;2
3665;611659;2
3666;611660;2
3667;611662;3
3668;611663;3
3669;611666;2
3670;611669;2
3671;611670;2
3672;611671;2
3673;611673;2
3674;611674;4
3675;611675;3
3676;611680;3
3677;611684;2
3678;611685;2
3679;611687;3
3680;611689;3
3681;611690;2
3682;611691;2
3683;611693;4
3684;611694;4
3685;611696;7
3686;611697;2
3687;611699;2
3688;611701;2
3689;611702;4
3690;611703;2
3691;611704;3
3692;611706;2
3693;611707;2
3694;611709;2
3695;611710;4
3696;611712;3
3697;611713;4
3698;611716;3
3699;611717;2
3700;611718;3
3701;611720;2
3702;611725;3
3703;611727;4
3704;611728;2
3705;611729;2
3706;611730;4
3707;611731;3
3708;611732;2
3709;611736;3
3710;611737;3
3711;611739;2
3712;611741;3
3713;611742;2
3714;611744;2
3715;611746;2
3716;611747;3
3717;611748;3
3718;611749;2
3719;611756;3
3720;611758;4
3721;611759;2
3722;611762;3
3723;611763;2
3724;611764;2
3725;611765;2
3726;611767;2
3727;611768;2
3728;611770;2
3729;611772;5
3730;611773;2
3731;611775;2
3732;611777;4
3733;611780;2
3734;611781;2
3735;611782;2
3736;611786;2
3737;611789;2
3738;611790;2
3739;611794;2
3740;611795;2
3741;611796;4
3742;611801;3
3743;611804;2
3744;611807;2
3745;611812;2
3746;611814;3
3747;611815;3
3748;611819;2
3749;611820;3
3750;611822;2
3751;611823;2
3752;611824;2
3753;611828;4
3754;611831;2
3755;611835;2
3756;611836;2
3757;611837;2
3758;611841;2
3759;611844;2
3760;611850;2
3761;611851;2
3762;611852;2
3763;611855;2
3764;611856;3
3765;611857;2
3766;611859;3
3767;611860;4
3768;611861;2
3769;611862;4
3770;611866;2
3771;611868;2
3772;611870;2
3773;611871;2
3774;611875;2
3775;611877;3
3776;611878;2
3777;611879;2
3778;611880;2
3779;611882;2
3780;611883;2
3781;611884;4
3782;611887;3
3783;611890;2
3784;611893;2
3785;611895;5
3786;611896;2
3787;611898;2
3788;611905;2
3789;611906;2
3790;611908;2
3791;611909;3
3792;611911;2
3793;611912;3
3794;611913;2
3795;611914;3
3796;611917;2
3797;611921;2
3798;611922;2
3799;611923;2
3800;611924;2
3801;611925;2
3802;611926;2
3803;611927;2
3804;611929;4
3805;611930;4
3806;611931;2
3807;611932;3
3808;611933;2
3809;611936;4
3810;611939;3
3811;611940;2
3812;611941;4
3813;611942;3
3814;611944;3
3815;611948;2
3816;611949;3
3817;611953;4
3818;611956;2
3819;611958;2
3820;611961;2
3821;611962;3
3822;611967;2
3823;611969;4
3824;611973;3
3825;611974;2
3826;611977;4
3827;611978;2
3828;611979;4
3829;611980;2
3830;611982;3
3831;611983;3
3832;611988;2
3833;611989;2
3834;611990;4
3835;611991;2
3836;611997;4
3837;611998;3
3838;612000;2
3839;612001;3
3840;612002;3
3841;612003;3
3842;612004;2
3843;612005;3
3844;612006;3
3845;612008;3
3846;612012;2
3847;612014;2
3848;612015;4
3849;612016;2
3850;612020;3
3851;612021;2
3852;612022;3
3853;612026;2
3854;612027;2
3855;612028;2
3856;612029;2
3857;612030;2
3858;612032;2
3859;612036;2
3860;612037;2
3861;612040;2
3862;612043;4
3863;612046;3
3864;612050;3
3865;612051;2
3866;612052;2
3867;612054;2
3868;612055;5
3869;612056;2
3870;612060;3
3871;612062;3
3872;612063;2
3873;612064;3
3874;612065;2
3875;612066;2
3876;612068;3
3877;612069;2
3878;612070;3
3879;612071;2
3880;612073;3
3881;612074;2
3882;612076;2
3883;612077;2
3884;612079;2
3885;612080;2
3886;612081;4
3887;612083;2
3888;612084;2
3889;612085;2
3890;612086;2
3891;612087;2
3892;612092;2
3893;612093;3
3894;612094;3
3895;612096;2
3896;612105;3
3897;612106;2
3898;612107;2
3899;612109;2
3900;612111;2
3901;612113;2
3902;612115;2
3903;612117;2
3904;612119;2
3905;612120;2
3906;612121;2
3907;612122;3
3908;612123;3
3909;612131;3
3910;612132;4
3911;612133;3
3912;612136;2
3913;612137;3
3914;612145;2
3915;612147;3
3916;612150;2
3917;612152;2
3918;612155;2
3919;612157;2
3920;612158;2
3921;612159;3
3922;612162;2
3923;612163;2
3924;612164;2
3925;612165;2
3926;612168;2
3927;612169;2
3928;612170;2
3929;612171;2
3930;612174;3
3931;612176;3
3932;612179;3
3933;612182;5
3934;612184;3
3935;612185;2
3936;612187;4
3937;612192;2
3938;612195;3
3939;612196;2
3940;612197;2
3941;612201;4
3942;612202;2
3943;612203;4
3944;612204;3
3945;612206;3
3946;612207;2
3947;612208;3
3948;612210;3
3949;612212;2
3950;612214;3
3951;612217;2
3952;612218;2
3953;612225;2
3954;612227;2
3955;612229;2
3956;612231;3
3957;612233;3
3958;612236;2
3959;612239;2
3960;612241;2
3961;612245;3
3962;612246;2
3963;612247;4
3964;612249;2
3965;612251;2
3966;612252;3
3967;612253;2
3968;612255;3
3969;612256;2
3970;612257;4
3971;612258;2
3972;612259;2
3973;612261;4
3974;612263;2
3975;612264;3
3976;612266;2
3977;612267;2
3978;612270;4
3979;612271;2
3980;612274;2
3981;612275;2
3982;612276;2
3983;612279;2
3984;612280;3
3985;612281;3
3986;612282;3
3987;612286;2
3988;612288;2
3989;612289;2
3990;612291;3
3991;612293;2
3992;612295;4
3993;612298;2
3994;612299;2
3995;612300;2
3996;612301;2
3997;612302;2
3998;612303;2
3999;612304;3
4000;612305;3
4001;612306;2
4002;612308;2
4003;612309;2
4004;612311;2
4005;612312;2
4006;612313;2
4007;612314;2
4008;612318;2
4009;612320;4
4010;612322;3
4011;612324;2
4012;612325;3
4013;612326;5
4014;612327;4
4015;612328;2
4016;612329;2
4017;612330;2
4018;612331;2
4019;612334;2
4020;612335;2
4021;612338;2
4022;612339;2
4023;612340;2
4024;612342;6
4025;612344;3
4026;612346;2
4027;612347;2
4028;612349;2
4029;612355;2
4030;612356;2
4031;612357;2
4032;612360;4
4033;612361;2
4034;612363;3
4035;612365;2
4036;612369;2
4037;612375;2
4038;612391;2
4039;612392;2
4040;612393;2
4041;612394;2
4042;612400;2
4043;612401;3
4044;612405;2
4045;612408;4
4046;612409;2
4047;612411;6
4048;612412;3
4049;612414;2
4050;612417;3
4051;612418;2
4052;612420;2
4053;612423;2
4054;612425;5
4055;612428;3
4056;612430;3
4057;612431;2
4058;612432;2
4059;612433;2
4060;612434;3
4061;612439;2
4062;612440;2
4063;612444;2
4064;612445;2
4065;612446;4
4066;612448;2
4067;612449;2
4068;612450;5
4069;612454;3
4070;612455;2
4071;612456;2
4072;612459;2
4073;612460;2
4074;612462;3
4075;612464;2
4076;612466;2
4077;612471;2
4078;612472;2
4079;612475;2
4080;612476;2
4081;612478;2
4082;612479;2
4083;612481;2
4084;612487;3
4085;612488;4
4086;612489;3
4087;612490;2
4088;612492;2
4089;612494;3
4090;612495;2
4091;612496;2
4092;612498;3
4093;612499;2
4094;612502;2
4095;612503;2
4096;612505;2
4097;612512;2
4098;612517;3
4099;612520;2
4100;612524;2
4101;612526;4
4102;612527;2
4103;612528;4
4104;612530;2
4105;612532;2
4106;612536;3
4107;612538;2
4108;612540;3
4109;612543;2
4110;612547;3
4111;612548;2
4112;612549;2
4113;612551;2
4114;612552;3
4115;612553;4
4116;612554;2
4117;612556;2
4118;612557;3
4119;612560;2
4120;612561;2
4121;612562;3
4122;612563;3
4123;612566;2
4124;612569;2
4125;612570;2
4126;612571;3
4127;612572;3
4128;612573;2
4129;612574;2
4130;612578;3
4131;612579;2
4132;612585;3
4133;612586;2
4134;612587;3
4135;612589;3
4136;612590;2
4137;612591;2
4138;612592;2
4139;612593;3
4140;612597;2
4141;612598;2
4142;612599;2
4143;612600;3
4144;612602;3
4145;612605;4
4146;612606;2
4147;612610;4
4148;612611;2
4149;612612;2
4150;612616;3
4151;612617;2
4152;612621;2
4153;612625;2
4154;612626;2
4155;612630;2
4156;612633;2
4157;612635;2
4158;612636;3
4159;612637;3
4160;612638;2
4161;612644;3
4162;612645;2
4163;612646;2
4164;612650;2
4165;612653;2
4166;612658;2
4167;612661;3
4168;612664;3
4169;612667;2
4170;612672;3
4171;612675;3
4172;612676;3
4173;612681;2
4174;612683;2
4175;612685;2
4176;612687;2
4177;612688;3
4178;612689;5
4179;612693;2
4180;612694;3
4181;612702;2
4182;612705;3
4183;612708;3
4184;612709;2
4185;612712;2
4186;612720;3
4187;612722;3
4188;612723;2
4189;612727;3
4190;612732;2
4191;612735;3
4192;612736;2
4193;612737;2
4194;612739;3
4195;612742;2
4196;612743;2
4197;612745;2
4198;612747;2
4199;612750;2
4200;612753;2
4201;612758;2
4202;612759;3
4203;612763;3
4204;612764;3
4205;612765;2
4206;612766;2
4207;612767;2
4208;612769;3
4209;612771;2
4210;612772;4
4211;612773;2
4212;612781;2
4213;612782;5
4214;612785;2
4215;612786;2
4216;612788;2
4217;612789;2
4218;612790;2
4219;612794;3
4220;612795;2
4221;612797;2
4222;612798;2
4223;612800;2
4224;612801;2
4225;612802;2
4226;612806;2
4227;612808;3
4228;612809;2
4229;612811;2
4230;612813;2
4231;612817;2
4232;612819;2
4233;612820;2
4234;612822;3
4235;612825;2
4236;612826;13
4237;612827;3
4238;612828;2
4239;612830;2
4240;612831;2
4241;612832;4
4242;612835;2
4243;612836;4
4244;612838;3
4245;612844;2
4246;612845;2
4247;612846;4
4248;612847;2
4249;612848;2
4250;612849;4
4251;612852;3
4252;612856;2
4253;612857;2
4254;612859;2
4255;612860;2
4256;612861;4
4257;612862;3
4258;612863;2
4259;612866;3
4260;612868;2
4261;612873;5
4262;612874;2
4263;612876;2
4264;612877;2
4265;612878;2
4266;612881;2
4267;612882;5
4268;612883;3
4269;612886;2
4270;612890;4
4271;612891;3
4272;612892;2
4273;612894;2
4274;612896;2
4275;612898;2
4276;612899;2
4277;612901;2
4278;612903;2
4279;612904;2
4280;612905;2
4281;612906;4
4282;612907;2
4283;612908;2
4284;612912;2
4285;612914;3
4286;612915;2
4287;612916;4
4288;612917;2
4289;612919;2
4290;612921;2
4291;612925;2
4292;612931;2
4293;612932;5
4294;612935;2
4295;612936;4
4296;612940;4
4297;612945;3
4298;612947;2
4299;612948;2
4300;612949;4
4301;612950;2
4302;612951;4
4303;612952;3
4304;612953;2
4305;612954;3
4306;612956;3
4307;612957;2
4308;612958;4
4309;612962;2
4310;612967;2
4311;612968;2
4312;612971;3
4313;612981;3
4314;612984;2
4315;612987;4
4316;612989;2
4317;612990;3
4318;612998;3
4319;612999;3
4320;613000;4
4321;613002;2
4322;613007;4
4323;613008;3
4324;613010;2
4325;613016;3
4326;613017;2
4327;613018;2
4328;613019;3
4329;613020;5
4330;613021;3
4331;613023;2
4332;613026;3
4333;613027;2
4334;613028;2
4335;613029;3
4336;613033;3
4337;613035;2
4338;613036;2
4339;613039;2
4340;613040;2
4341;613042;3
4342;613043;2
4343;613044;2
4344;613051;4
4345;613053;4
4346;613055;2
4347;613058;2
4348;613059;2
4349;613060;2
4350;613063;3
4351;613064;2
4352;613065;3
4353;613066;2
4354;613067;2
4355;613071;2
4356;613072;2
4357;613076;2
4358;613079;3
4359;613081;2
4360;613082;3
4361;613086;3
4362;613089;2
4363;613090;2
4364;613092;2
4365;613096;2
4366;613100;3
4367;613103;2
4368;613104;2
4369;613107;2
4370;613108;3
4371;613109;2
4372;613110;3
4373;613111;2
4374;613113;2
4375;613114;2
4376;613115;2
4377;613116;3
4378;613118;4
4379;613119;3
4380;613123;2
4381;613124;2
4382;613126;2
4383;613127;2
4384;613131;2
4385;613132;2
4386;613134;4
4387;613139;3
4388;613140;3
4389;613142;3
4390;613151;2
4391;613152;4
4392;613156;2
4393;613158;3
4394;613162;3
4395;613165;2
4396;613166;2
4397;613167;3
4398;613168;4
4399;613171;4
4400;613172;2
4401;613174;2
4402;613175;3
4403;613176;2
4404;613177;2
4405;613178;2
4406;613179;2
4407;613180;3
4408;613182;2
4409;613183;2
4410;613185;2
4411;613188;2
4412;613189;3
4413;613190;2
4414;613192;4
4415;613194;2
4416;613195;2
4417;613196;2
4418;613199;2
4419;613201;4
4420;613203;2
4421;613204;4
4422;613205;2
4423;613206;2
4424;613207;3
4425;613209;3
4426;613210;2
4427;613211;2
4428;613214;2
4429;613219;4
4430;613221;3
4431;613222;3
4432;613223;2
4433;613224;4
4434;613226;3
4435;613227;2
4436;613228;2
4437;613232;2
4438;613234;2
4439;613235;3
4440;613239;4
4441;613242;4
4442;613244;2
4443;613245;2
4444;613246;2
4445;613249;3
4446;613251;2
4447;613252;2
4448;613253;3
4449;613255;3
4450;613258;3
4451;613260;2
4452;613263;2
4453;613268;2
4454;613272;3
4455;613274;2
4456;613276;2
4457;613277;2
4458;613278;6
4459;613279;2
4460;613281;5
4461;613286;2
4462;613291;2
4463;613292;3
4464;613300;2
4465;613302;3
4466;613303;2
4467;613305;2
4468;613306;2
4469;613308;2
4470;613309;2
4471;613310;3
4472;613311;2
4473;613313;2
4474;613314;3
4475;613315;2
4476;613316;5
4477;613318;2
4478;613319;2
4479;613320;2
4480;613321;3
4481;613324;3
4482;613325;3
4483;613327;3
4484;613328;2
4485;613329;4
4486;613330;2
4487;613340;2
4488;613342;2
4489;613346;2
4490;613347;2
4491;613348;2
4492;613355;2
4493;613356;2
4494;613357;5
4495;613358;2
4496;613362;3
4497;613366;2
4498;613368;2
4499;613370;2
4500;613375;2
4501;613376;2
4502;613378;2
4503;613380;2
4504;613382;3
4505;613385;2
4506;613387;3
4507;613390;2
4508;613391;3
4509;613394;2
4510;613397;2
4511;613401;2
4512;613404;2
4513;613408;2
4514;613410;2
4515;613412;2
4516;613413;2
4517;613414;3
4518;613415;2
4519;613416;2
4520;613420;2
4521;613421;2
4522;613422;3
4523;613424;3
4524;613425;2
4525;613426;5
4526;613427;3
4527;613428;2
4528;613429;3
4529;613430;2
4530;613432;2
4531;613433;3
4532;613434;2
4533;613435;3
4534;613436;3
4535;613441;5
4536;613442;4
4537;613444;3
4538;613447;3
4539;613448;3
4540;613449;2
4541;613451;3
4542;613453;2
4543;613457;2
4544;613458;2
4545;613459;3
4546;613460;2
4547;613465;4
4548;613466;2
4549;613467;3
4550;613468;3
4551;613470;2
4552;613473;3
4553;613474;3
4554;613475;2
4555;613476;2
4556;613480;2
4557;613482;4
4558;613486;2
4559;613487;4
4560;613488;2
4561;613492;4
4562;613494;2
4563;613496;2
4564;613503;2
4565;613505;2
4566;613506;2
4567;613507;2
4568;613510;2
4569;613511;2
4570;613513;2
4571;613516;2
4572;613517;2
4573;613520;2
4574;613521;3
4575;613525;2
4576;613527;2
4577;613528;2
4578;613529;2
4579;613530;2
4580;613531;2
4581;613532;2
4582;613533;3
4583;613534;3
4584;613536;2
4585;613540;2
4586;613541;2
4587;613542;2
4588;613543;3
4589;613544;2
4590;613547;3
4591;613548;2
4592;613552;2
4593;613553;3
4594;613556;3
4595;613559;2
4596;613561;3
4597;613562;3
4598;613565;3
4599;613566;2
4600;613569;2
4601;613580;2
4602;613581;2
4603;613584;2
4604;613585;2
4605;613586;2
4606;613588;3
4607;613591;2
4608;613592;2
4609;613593;2
4610;613594;3
4611;613597;3
4612;613598;4
4613;613602;2
4614;613603;3
4615;613608;2
4616;613609;4
4617;613610;3
4618;613612;3
4619;613618;2
4620;613619;2
4621;613620;4
4622;613626;2
4623;613632;2
4624;613633;3
4625;613635;2
4626;613641;2
4627;613642;2
4628;613646;2
4629;613647;2
4630;613650;5
4631;613651;2
4632;613653;2
4633;613656;3
4634;613659;2
4635;613660;2
4636;613664;3
4637;613665;4
4638;613668;2
4639;613671;2
4640;613675;2
4641;613678;2
4642;613679;3
4643;613682;2
4644;613683;2
4645;613684;4
4646;613687;2
4647;613689;3
4648;613691;3
4649;613692;2
4650;613695;2
4651;613696;2
4652;613698;2
4653;613700;2
4654;613701;2
4655;613702;3
4656;613704;2
4657;613712;2
4658;613726;2
4659;613727;3
4660;613729;3
4661;613730;2
4662;613731;2
4663;613732;2
4664;613733;2
4665;613734;3
4666;613736;2
4667;613737;3
4668;613738;3
4669;613740;2
4670;613744;2
4671;613750;5
4672;613751;4
4673;613753;2
4674;613758;2
4675;613761;2
4676;613771;3
4677;613773;4
4678;613782;2
4679;613788;2
4680;613799;3
4681;613800;2
4682;613803;3
4683;613809;2
4684;613812;3
4685;613813;2
4686;613815;2
4687;613819;4
4688;613823;2
4689;613827;3
4690;613829;2
4691;613832;2
4692;613833;4
4693;613836;5
4694;613837;2
4695;613839;2
4696;613840;3
4697;613844;3
4698;613845;2
4699;613846;2
4700;613847;4
4701;613849;6
4702;613850;2
4703;613851;3
4704;613854;3
4705;613857;2
4706;613859;2
4707;613861;4
4708;613865;4
4709;613866;2
4710;613876;3
4711;613877;2
4712;613878;2
4713;613879;2
4714;613880;4
4715;613881;3
4716;613884;2
4717;613887;3
4718;613892;2
4719;613893;6
4720;613896;3
4721;613899;3
4722;613900;2
4723;613901;3
4724;613902;4
4725;613903;2
4726;613911;2
4727;613912;4
4728;613915;3
4729;613918;2
4730;613922;2
4731;613924;2
4732;613925;2
4733;613927;2
4734;613932;2
4735;613933;2
4736;613934;2
4737;613935;2
4738;613936;2
4739;613938;2
4740;613940;2
4741;613941;5
4742;613945;2
4743;613946;2
4744;613951;2
4745;613952;2
4746;613954;2
4747;613960;2
4748;613963;2
4749;613964;2
4750;613965;4
4751;613969;2
4752;613970;4
4753;613971;2
4754;613972;5
4755;613974;4
4756;613976;2
4757;613979;2
4758;613980;2
4759;613982;2
4760;613984;5
4761;613985;2
4762;613987;2
4763;613988;4
4764;613992;2
4765;613993;2
4766;613994;2
4767;613996;2
4768;613997;2
4769;613998;2
4770;613999;2
4771;614001;2
4772;614002;2
4773;614003;2
4774;614005;2
4775;614006;2
4776;614008;2
4777;614011;2
4778;614012;6
4779;614016;2
4780;614017;2
4781;614019;4
4782;614022;3
4783;614026;2
4784;614032;2
4785;614035;2
4786;614038;2
4787;614042;5
4788;614043;2
4789;614045;2
4790;614046;2
4791;614047;3
4792;614051;4
4793;614054;2
4794;614055;2
4795;614056;4
4796;614058;2
4797;614062;3
4798;614066;2
4799;614067;3
4800;614069;3
4801;614070;3
4802;614072;3
4803;614073;3
4804;614078;2
4805;614080;2
4806;614083;2
4807;614084;4
4808;614085;3
4809;614090;2
4810;614091;3
4811;614092;2
4812;614094;2
4813;614095;2
4814;614097;2
4815;614101;2
4816;614102;2
4817;614104;3
4818;614107;2
4819;614109;4
4820;614111;2
4821;614112;2
4822;614115;3
4823;614116;2
4824;614117;2
4825;614118;2
4826;614119;4
4827;614120;2
4828;614121;2
4829;614122;2
4830;614124;3
4831;614125;3
4832;614126;3
4833;614128;2
4834;614130;2
4835;614135;2
4836;614136;2
4837;614137;2
4838;614140;2
4839;614142;2
4840;614143;3
4841;614144;3
4842;614145;2
4843;614152;3
4844;614153;2
4845;614154;2
4846;614155;3
4847;614157;4
4848;614158;2
4849;614159;3
4850;614160;2
4851;614162;2
4852;614163;3
4853;614164;2
4854;614165;2
4855;614166;3
4856;614167;2
4857;614169;3
4858;614170;3
4859;614171;2
4860;614172;2
4861;614174;2
4862;614177;2
4863;614178;2
4864;614179;3
4865;614180;3
4866;614182;2
4867;614184;2
4868;614185;2
4869;614186;2
4870;614189;2
4871;614193;2
4872;614195;2
4873;614196;2
4874;614197;2
4875;614198;2
4876;614199;2
4877;614202;4
4878;614203;2
4879;614204;2
4880;614205;3
4881;614207;2
4882;614208;2
4883;614210;2
4884;614211;3
4885;614212;2
4886;614214;2
4887;614215;3
4888;614219;5
4889;614221;2
4890;614234;2
4891;614238;2
4892;614239;2
4893;614240;2
4894;614245;4
4895;614247;2
4896;614248;2
4897;614253;3
4898;614255;2
4899;614258;2
4900;614261;5
4901;614269;2
4902;614270;2
4903;614273;2
4904;614275;2
4905;614277;5
4906;614279;2
4907;614283;2
4908;614284;2
4909;614285;3
4910;614287;2
4911;614288;3
4912;614294;3
4913;614303;3
4914;614307;2
4915;614308;2
4916;614309;5
4917;614312;3
4918;614315;3
4919;614318;2
4920;614319;2
4921;614323;3
4922;614324;2
4923;614325;2
4924;614328;2
4925;614331;2
4926;614333;2
4927;614335;2
4928;614336;2
4929;614337;2
4930;614341;4
4931;614343;2
4932;614344;3
4933;614345;3
4934;614347;4
4935;614348;2
4936;614349;2
4937;614351;2
4938;614353;2
4939;614358;2
4940;614360;2
4941;614366;3
4942;614367;2
4943;614373;3
4944;614378;2
4945;614379;2
4946;614381;5
4947;614383;5
4948;614384;2
4949;614385;3
4950;614386;2
4951;614388;2
4952;614389;2
4953;614390;2
4954;614391;2
4955;614392;2
4956;614393;2
4957;614394;2
4958;614396;2
4959;614399;3
4960;614400;3
4961;614403;4
4962;614404;2
4963;614411;2
4964;614412;2
4965;614418;2
4966;614420;2
4967;614421;2
4968;614424;2
4969;614426;2
4970;614429;4
4971;614431;6
4972;614433;4
4973;614434;3
4974;614437;2
4975;614441;2
4976;614443;2
4977;614444;2
4978;614447;2
4979;614448;2
4980;614449;4
4981;614450;2
4982;614451;9
4983;614452;5
4984;614453;5
4985;614455;2
4986;614458;2
4987;614459;3
4988;614461;7
4989;614462;2
4990;614463;3
4991;614464;3
4992;614466;2
4993;614469;2
4994;614472;2
4995;614473;3
4996;614474;2
4997;614477;3
4998;614480;2
4999;614484;2
5000;614489;4
5001;614493;2
5002;614494;4
5003;614495;4
5004;614496;2
5005;614497;2
5006;614499;2
5007;614501;2
5008;614503;2
5009;614504;2
5010;614506;3
5011;614507;2
5012;614508;2
5013;614510;2
5014;614519;3
5015;614520;3
5016;614521;4
5017;614523;2
5018;614531;4
5019;614532;2
5020;614533;5
5021;614534;3
5022;614538;2
5023;614549;3
5024;614552;3
5025;614555;2
5026;614563;3
5027;614567;2
5028;614569;6
5029;614571;2
5030;614572;2
5031;614573;2
5032;614574;2
5033;614576;2
5034;614577;2
5035;614578;2
5036;614579;2
5037;614580;2
5038;614581;2
5039;614582;2
5040;614585;4
5041;614586;2
5042;614589;3
5043;614594;2
5044;614595;2
5045;614596;2
5046;614602;2
5047;614603;2
5048;614604;2
5049;614605;4
5050;614606;5
5051;614607;2
5052;614611;2
5053;614618;2
5054;614622;2
5055;614629;2
5056;614631;2
5057;614633;2
5058;614636;3
5059;614637;4
5060;614640;3
5061;614643;4
5062;614644;2
5063;614645;2
5064;614646;2
5065;614651;2
5066;614653;2
5067;614660;2
5068;614662;3
5069;614666;2
5070;614668;5
5071;614670;3
5072;614676;3
5073;614677;5
5074;614681;2
5075;614684;2
5076;614686;3
5077;614687;3
5078;614691;5
5079;614694;2
5080;614695;2
5081;614697;3
5082;614699;4
5083;614705;2
5084;614706;3
5085;614708;3
5086;614709;2
5087;614712;2
5088;614716;4
5089;614718;2
5090;614720;2
5091;614723;4
5092;614724;2
5093;614727;2
5094;614728;2
5095;614731;4
5096;614732;2
5097;614734;3
5098;614735;2
5099;614743;2
5100;614744;2
5101;614745;2
5102;614746;2
5103;614749;2
5104;614750;3
5105;614753;2
5106;614754;3
5107;614755;3
5108;614758;2
5109;614760;3
5110;614766;3
5111;614767;3
5112;614771;2
5113;614772;4
5114;614773;2
5115;614775;2
5116;614781;2
5117;614783;2
5118;614788;3
5119;614790;2
5120;614791;2
5121;614792;2
5122;614793;2
5123;614795;3
5124;614796;2
5125;614804;3
5126;614808;2
5127;614809;5
5128;614812;2
5129;614813;2
5130;614814;3
5131;614816;2
5132;614818;3
5133;614821;2
5134;614823;2
5135;614832;3
5136;614835;2
5137;614836;3
5138;614837;2
5139;614838;3
5140;614839;2
5141;614841;4
5142;614842;2
5143;614843;4
5144;614844;2
5145;614846;3
5146;614851;2
5147;614854;2
5148;614858;3
5149;614860;3
5150;614862;2
5151;614863;2
5152;614864;2
5153;614867;2
5154;614868;3
5155;614869;5
5156;614870;2
5157;614876;2
5158;614877;2
5159;614879;2
5160;614880;4
5161;614882;2
5162;614888;2
5163;614890;3
5164;614894;2
5165;614895;2
5166;614905;2
5167;614906;2
5168;614910;2
5169;614911;2
5170;614916;2
5171;614922;2
5172;614925;2
5173;614926;2
5174;614928;3
5175;614930;2
5176;614934;3
5177;614945;4
5178;614948;2
5179;614949;3
5180;614951;2
5181;614970;2
5182;614974;3
5183;614977;3
5184;614982;2
5185;614985;2
5186;614986;2
5187;614987;3
5188;614995;2
5189;614997;2
5190;614998;2
5191;614999;3
5192;615002;2
5193;615004;4
5194;615005;4
5195;615009;3
5196;615011;3
5197;615016;2
5198;615018;2
5199;615021;2
5200;615024;2
5201;615027;2
5202;615034;2
5203;615037;2
5204;615040;2
5205;615044;3
5206;615046;2
5207;615048;2
5208;615050;2
5209;615052;3
5210;615055;2
5211;615056;2
5212;615060;3
5213;615062;4
5214;615066;2
5215;615067;3
5216;615071;2
5217;615076;2
5218;615077;2
5219;615085;2
5220;615086;2
5221;615087;4
5222;615088;6
5223;615090;2
5224;615091;3
5225;615109;2
5226;615110;2
5227;615126;5
5228;615132;2
5229;615133;3
5230;615141;3
5231;615143;2
5232;615145;3
5233;615153;2
5234;615154;2
5235;615156;2
5236;615157;2
5237;615158;6
5238;615159;2
5239;615161;4
5240;615165;2
5241;615168;7
5242;615174;2
5243;615178;2
5244;615179;2
5245;615181;2
5246;615184;2
5247;615185;2
5248;615187;2
5249;615188;2
5250;615193;4
5251;615194;2
5252;615195;3
5253;615198;2
5254;615202;2
5255;615204;3
5256;615208;2
5257;615212;4
5258;615213;2
5259;615214;2
5260;615215;2
5261;615220;3
5262;615222;2
5263;615225;3
5264;615232;3
5265;615233;3
5266;615235;2
5267;615239;2
5268;615241;2
5269;615252;2
5270;615255;3
5271;615260;4
5272;615261;3
5273;615265;3
5274;615271;5
5275;615283;2
5276;615284;2
5277;615287;2
5278;615288;2
5279;615289;2
5280;615291;2
5281;615294;2
5282;615304;2
5283;615311;3
5284;615315;3
5285;615316;2
5286;615321;4
5287;615322;3
5288;615323;4
5289;615327;5
5290;615329;2
5291;615330;2
5292;615333;3
5293;615337;2
5294;615338;2
5295;615342;2
5296;615346;2
5297;615353;3
5298;615355;3
5299;615357;4
5300;615358;7
5301;615359;4
5302;615360;3
5303;615367;8
5304;615368;2
5305;615371;2
5306;615373;3
5307;615375;2
5308;615382;3
5309;615383;3
5310;615384;3
5311;615385;2
5312;615387;2
5313;615392;7
5314;615393;2
5315;615394;2
5316;615397;2
5317;615399;3
5318;615400;3
5319;615401;2
5320;615403;2
5321;615407;2
5322;615408;2
5323;615409;4
5324;615411;4
5325;615412;3
5326;615414;3
5327;615415;4
5328;615418;2
5329;615419;2
5330;615421;2
5331;615423;4
5332;615424;3
5333;615425;2
5334;615426;4
5335;615429;4
5336;615432;2
5337;615434;4
5338;615435;2
5339;615437;4
5340;615438;2
5341;615439;3
5342;615440;3
5343;615441;2
5344;615444;3
5345;615446;2
5346;615447;4
5347;615448;2
5348;615450;2
5349;615451;2
5350;615453;2
5351;615454;2
5352;615455;3
5353;615456;2
5354;615460;2
5355;615461;2
5356;615463;2
5357;615464;2
5358;615465;2
5359;615469;2
5360;615471;2
5361;615472;2
5362;615475;3
5363;615476;3
5364;615480;2
5365;615482;3
5366;615483;3
5367;615486;2
5368;615487;4
5369;615490;3
5370;615492;2
5371;615493;4
5372;615495;3
5373;615496;3
5374;615497;3
5375;615498;2
5376;615502;2
5377;615504;3
5378;615506;2
5379;615508;3
5380;615510;2
5381;615511;4
5382;615512;2
5383;615513;2
5384;615514;3
5385;615515;3
5386;615516;2
5387;615518;3
5388;615519;4
5389;615521;3
5390;615522;4
5391;615524;2
5392;615527;3
5393;615529;2
5394;615530;3
5395;615531;4
5396;615537;2
5397;615538;3
5398;615539;3
5399;615545;2
5400;615550;2
5401;615551;2
5402;615552;2
5403;615553;4
5404;615554;2
5405;615555;2
5406;615556;4
5407;615558;2
5408;615565;4
5409;615566;3
5410;615568;3
5411;615569;2
5412;615570;3
5413;615571;5
5414;615572;3
5415;615575;2
5416;615577;2
5417;615580;2
5418;615581;2
5419;615582;2
5420;615583;3
5421;615584;2
5422;615586;2
5423;615587;2
5424;615590;3
5425;615592;2
5426;615596;3
5427;615597;2
5428;615598;2
5429;615599;3
5430;615600;2
5431;615601;3
5432;615603;3
5433;615604;2
5434;615606;3
5435;615608;2
5436;615609;2
5437;615611;4
5438;615612;3
5439;615614;3
5440;615615;2
5441;615616;2
5442;615617;2
5443;615618;2
5444;615619;2
5445;615625;2
5446;615626;4
5447;615627;2
5448;615628;3
5449;615630;2
5450;615631;2
5451;615632;2
5452;615636;5
5453;615637;2
5454;615638;2
5455;615639;5
5456;615644;4
5457;615645;2
5458;615646;4
5459;615649;4
5460;615651;2
5461;615652;2
5462;615653;3
5463;615654;2
5464;615655;3
5465;615657;2
5466;615659;2
5467;615660;2
5468;615661;2
5469;615664;2
5470;615665;2
5471;615666;2
5472;615668;5
5473;615670;2
5474;615671;4
5475;615675;3
5476;615676;2
5477;615677;2
5478;615679;2
5479;615681;3
5480;615682;2
5481;615683;2
5482;615684;2
5483;615688;3
5484;615689;2
5485;615691;3
5486;615692;3
5487;615694;5
5488;615696;2
5489;615698;4
5490;615700;5
5491;615701;2
5492;615703;2
5493;615704;2
5494;615706;2
5495;615707;2
5496;615708;2
5497;615709;2
5498;615710;2
5499;615713;2
5500;615714;4
5501;615715;4
5502;615716;3
5503;615718;2
5504;615719;6
5505;615720;4
5506;615722;4
5507;615724;2
5508;615726;2
5509;615728;2
5510;615729;3
5511;615733;2
5512;615735;4
5513;615737;2
5514;615738;2
5515;615740;2
5516;615743;3
5517;615744;3
5518;615746;2
5519;615749;2
5520;615750;2
5521;615751;4
5522;615752;3
5523;615756;2
5524;615757;4
5525;615759;2
5526;615760;7
5527;615761;3
5528;615762;2
5529;615764;2
5530;615769;2
5531;615772;2
5532;615776;2
5533;615777;3
5534;615780;2
5535;615781;2
5536;615782;2
5537;615783;2
5538;615784;3
5539;615791;2
5540;615793;3
5541;615795;2
5542;615797;2
5543;615798;3
5544;615799;2
5545;615800;4
5546;615801;3
5547;615803;4
5548;615805;5
5549;615806;2
5550;615808;7
5551;615810;2
5552;615811;2
5553;615812;4
5554;615813;4
5555;615814;2
5556;615816;2
5557;615817;3
5558;615819;2
5559;615822;4
5560;615823;2
5561;615825;2
5562;615826;4
5563;615828;2
5564;615830;4
5565;615835;3
5566;615836;2
5567;615839;2
5568;615842;2
5569;615844;2
5570;615847;3
5571;615851;2
5572;615852;3
5573;615853;2
5574;615854;2
5575;615856;2
5576;615858;2
5577;615859;2
5578;615861;2
5579;615865;2
5580;615866;4
5581;615867;2
5582;615868;3
5583;615869;3
5584;615870;2
5585;615872;2
5586;615874;3
5587;615876;5
5588;615877;3
5589;615878;3
5590;615879;4
5591;615880;2
5592;615881;2
5593;615882;5
5594;615884;2
5595;615885;2
5596;615888;2
5597;615889;3
5598;615891;3
5599;615893;2
5600;615898;2
5601;615899;2
5602;615904;3
5603;615905;2
5604;615910;2
5605;615913;2
5606;615915;2
5607;615918;2
5608;615921;2
5609;615922;7
5610;615924;3
5611;615932;3
5612;615935;4
5613;615937;3
5614;615938;2
5615;615939;2
5616;615940;3
5617;615941;3
5618;615942;2
5619;615943;3
5620;615949;2
5621;615952;2
5622;615953;2
5623;615954;2
5624;615958;4
5625;615961;3
5626;615964;2
5627;615969;2
5628;615972;3
5629;615973;2
5630;615977;2
5631;615979;3
5632;615980;2
5633;615983;3
5634;615988;4
5635;615990;3
5636;615991;2
5637;615992;3
5638;615995;2
5639;615999;2
5640;616003;3
5641;616004;2
5642;616005;2
5643;616007;3
5644;616008;2
5645;616009;2
5646;616010;2
5647;616021;3
5648;616022;2
5649;616024;3
5650;616026;3
5651;616027;2
5652;616028;2
5653;616030;3
5654;616031;3
5655;616033;3
5656;616034;2
5657;616035;3
5658;616036;2
5659;616037;3
5660;616038;3
5661;616039;4
5662;616040;4
5663;616042;4
5664;616043;3
5665;616048;2
5666;616049;2
5667;616050;2
5668;616053;2
5669;616054;2
5670;616058;2
5671;616060;2
5672;616061;2
5673;616065;3
5674;616067;3
5675;616068;3
5676;616069;2
5677;616071;2
5678;616073;3
5679;616074;3
5680;616075;2
5681;616079;2
5682;616080;2
5683;616082;2
5684;616083;5
5685;616084;2
5686;616085;2
5687;616088;2
5688;616089;2
5689;616093;3
5690;616094;3
5691;616095;2
5692;616096;2
5693;616098;2
5694;616102;2
5695;616103;2
5696;616104;2
5697;616106;2
5698;616107;2
5699;616108;2
5700;616114;2
5701;616115;4
5702;616116;2
5703;616117;2
5704;616121;2
5705;616124;2
5706;616125;2
5707;616126;4
5708;616127;2
5709;616131;2
5710;616133;3
5711;616140;4
5712;616144;4
5713;616146;2
5714;616148;2
5715;616150;2
5716;616157;3
5717;616163;2
5718;616165;2
5719;616166;2
5720;616171;2
5721;616172;3
5722;616175;3
5723;616176;2
5724;616177;2
5725;616178;2
5726;616180;2
5727;616182;2
5728;616184;2
5729;616185;2
5730;616188;2
5731;616193;2
5732;616194;2
5733;616195;2
5734;616198;2
5735;616199;2
5736;616206;2
5737;616207;3
5738;616208;2
5739;616211;2
5740;616222;2
5741;616227;2
5742;616228;3
5743;616229;2
5744;616231;2
5745;616233;2
5746;616234;3
5747;616238;2
5748;616243;3
5749;616245;3
5750;616246;3
5751;616248;2
5752;616251;2
5753;616252;3
5754;616260;2
5755;616262;4
5756;616264;3
5757;616267;3
5758;616273;5
5759;616274;4
5760;616275;3
5761;616276;4
5762;616284;2
5763;616285;2
5764;616286;2
5765;616291;3
5766;616304;4
5767;616305;3
5768;616307;2
5769;616308;2
5770;616334;3
5771;616335;2
5772;616347;2
5773;616352;2
5774;616360;2
5775;616361;2
5776;616363;2
5777;616365;4
5778;616366;2
5779;616367;5
5780;616370;2
5781;616376;2
5782;616381;2
5783;616382;2
5784;616383;3
5785;616388;2
5786;616389;2
5787;616390;2
5788;616392;2
5789;616393;2
5790;616395;2
5791;616396;2
5792;616397;2
5793;616398;2
5794;616399;2
5795;616404;2
5796;616405;2
5797;616407;2
5798;616409;2
5799;616410;3
5800;616416;2
5801;616427;2
5802;616428;3
5803;616429;2
5804;616434;3
5805;616435;2
5806;616440;2
5807;616441;2
5808;616443;2
5809;616445;2
5810;616449;3
5811;616452;2
5812;616453;3
5813;616454;2
5814;616457;3
5815;616458;3
5816;616460;2
5817;616462;2
5818;616465;2
5819;616466;2
5820;616467;3
5821;616468;3
5822;616471;2
5823;616472;2
5824;616473;3
5825;616476;2
5826;616479;3
5827;616480;2
5828;616483;2
5829;616495;3
5830;616497;3
5831;616563;2
5832;616568;2
5833;616569;2
5834;616570;2
5835;616572;2
5836;616573;3
5837;616574;2
5838;616576;2
5839;616578;2
5840;616579;2
5841;616580;2
5842;616581;2
5843;616583;2
5844;616584;2
5845;616588;2
5846;616591;2
5847;616593;2
5848;616594;3
5849;616598;3
5850;616599;2
5851;616605;2
5852;616608;2
5853;616615;3
5854;616619;3
5855;616621;3
5856;616625;2
5857;616628;2
5858;616630;2
5859;616631;3
5860;616635;2
5861;616638;2
5862;616640;2
5863;616641;4
5864;616642;2
5865;616644;2
5866;616645;3
5867;616651;2
5868;616653;2
5869;616654;2
5870;616657;2
5871;616658;2
5872;616661;2
5873;616663;2
5874;616665;2
5875;616667;2
5876;616670;3
5877;616671;2
5878;616672;2
5879;616677;2
5880;616683;3
5881;616685;2
5882;616695;2
5883;616696;2
5884;616698;2
5885;616705;2
5886;616706;2
5887;616709;2
5888;616722;2
5889;616723;2
5890;616725;2
5891;616728;3
5892;616734;2
5893;616738;2
5894;616739;2
5895;616740;2
5896;616743;3
5897;616753;2
5898;616760;4
5899;616761;3
5900;616763;2
5901;616768;2
5902;616776;2
5903;616791;2
5904;616793;2
5905;616817;2
5906;616821;2
5907;616829;2
5908;616832;2
5909;616835;2
5910;616837;3
5911;616838;2
5912;616862;2
5913;616865;2
5914;616867;2
5915;616869;3
5916;616871;2
5917;616877;2
5918;616878;2
5919;616879;3
5920;616881;2
5921;616891;2
5922;616895;2
5923;616897;2
5924;616908;2
5925;616916;2
5926;616918;2
5927;616920;2
5928;616926;2
5929;616927;2
5930;616929;2
5931;616932;2
5932;616939;2
5933;616942;3
5934;616946;3
5935;616949;4
5936;616951;2
5937;616958;2
5938;616963;4
5939;616964;2
5940;616965;4
5941;616967;3
5942;616968;2
5943;616969;3
5944;616970;3
5945;616973;2
5946;616988;2
5947;616989;2
5948;616994;2
5949;616996;2
5950;616997;2
5951;616998;3
5952;617005;3
5953;617022;3
5954;617028;2
5955;617033;3
5956;617034;2
5957;617038;4
5958;617041;2
5959;617048;2
5960;617052;4
5961;617057;2
5962;617064;2
5963;617065;2
5964;617070;2
5965;617071;2
5966;617074;2
5967;617075;2
5968;617083;2
5969;617090;2
5970;617092;2
5971;617094;2
5972;617095;2
5973;617098;3
5974;617102;2
5975;617104;2
5976;617117;2
5977;617118;4
5978;617131;2
5979;617137;2
5980;617143;2
5981;617144;2
5982;617149;2
5983;617151;2
5984;617153;3
5985;617155;2
5986;617158;2
5987;617161;2
5988;617162;3
5989;617164;3
5990;617165;2
5991;617171;2
5992;617175;2
5993;617180;4
5994;617184;2
5995;617186;3
5996;617195;2
5997;617210;2
5998;617215;2
5999;617219;3
6000;617221;2
6001;617223;2
6002;617224;3
6003;617226;2
6004;617227;2
6005;617228;2
6006;617231;2
6007;617232;2
6008;617241;2
6009;617244;2
6010;617261;2
6011;617264;3
6012;617265;3
6013;617270;2
6014;617273;2
6015;617275;2
6016;617281;2
6017;617282;3
6018;617288;2
6019;617301;2
6020;617305;2
6021;617308;2
6022;617321;2
6023;617323;2
6024;617329;2
6025;617353;4
6026;617355;2
6027;617357;3
6028;617359;2
6029;617360;2
6030;617361;3
6031;617362;2
6032;617363;2
6033;617364;3
6034;617371;2
6035;617373;2
6036;617374;3
6037;617375;2
6038;617382;2
6039;617390;2
6040;617391;2
6041;617397;3
6042;617400;2
6043;617408;2
6044;617410;2
6045;617422;2
6046;617424;2
6047;617427;2
6048;617449;2
6049;617451;2
6050;617459;2
6051;617467;3
6052;617473;2
6053;617477;2
6054;617479;3
6055;617480;3
6056;617483;4
6057;617484;5
6058;617485;2
6059;617495;2
6060;617508;2
6061;617511;2
6062;617520;2
6063;617538;2
6064;617539;2
6065;617541;2
6066;617553;2
6067;617558;3
6068;617562;2
6069;617565;3
6070;617573;2
6071;617621;2
6072;617625;2
6073;617633;2
6074;617641;2
6075;617643;2
6076;617648;2
6077;617656;2
6078;617678;2
6079;617681;2
6080;617682;4
6081;617688;2
6082;617694;2
6083;617695;3
6084;617696;2
6085;617717;2
6086;617720;2
6087;617721;2
6088;617733;2
6089;617734;2
6090;617735;2
6091;617737;2
6092;617749;2
6093;617767;2
6094;617769;2
6095;617772;2
6096;617826;2
6097;617867;2
6098;617871;2
6099;617872;2
6100;617874;2
6101;617879;2
6102;617884;2
6103;617889;2
6104;617897;2
6105;617901;3
6106;617905;5
6107;617906;3
6108;617913;2
6109;617914;3
6110;617918;2
6111;617919;3
6112;617920;2
6113;617926;2
6114;617930;2
6115;617940;2
6116;617941;2
6117;617942;2
6118;617943;3
6119;617945;3
6120;617946;2
6121;617947;2
6122;617949;2
6123;617958;3
6124;617959;2
6125;617962;2
6126;617968;2
6127;617978;2
6128;618018;2
6129;618019;2
6130;618028;2
6131;618030;2
6132;618036;2
6133;618046;2
6134;618051;2
6135;618055;2
6136;618060;2
6137;618081;2
6138;618089;2
6139;618120;2
6140;618138;2
6141;618144;3
6142;618160;2
6143;618170;2
6144;618222;2
6145;618228;2
6146;633399;2
6147;633470;2
6148;634070;2
6149;634355;3
6150;634398;2
6151;634434;2
6152;634643;2
6153;634849;2
6154;634922;2
6155;634925;2
6156;635022;2
6157;635075;2
6158;635184;2
